Rank,Rate,Player Name,Player ID,Rounds
1,0.5454545454545454,"幽幽不玩游戏","kMJH5cPt",11
2,0.5,"疯狂宝贝","8bypDskY",16
3,0.4375,"九宫徵羽","Q4jZeL88",16
4,0.4375,"蒙多医生","BsmnJRZ1",16
5,0.40625,"kx","qX5VrrEk",32
6,0.375,"A1S","P1SnNfsY",16
7,0.375,"Jayden1129","ULRwKqV9",16
8,0.375,"KuozakiSaika","6upDPNgV",16
9,0.375,"TenyZ","HFSiEKFp",16
10,0.375,"nmleague","iSzY5fRM",32
11,0.375,"srj","aV9nthyY",16
12,0.375,"white","WWkaNAkE",16
13,0.375,"zzrdfq","HHPzBxXj",16
14,0.375,"你买菜必涨价","ZuXsAQf1",16
15,0.375,"单机麻将","nfeoZ0VY",16
16,0.375,"司马雀魂","KqcgMA9z",16
17,0.375,"哇哇哇","JnHFKVAr",16
18,0.375,"寿陵余子","PUGQNj0n",16
19,0.375,"昵称","hXGxhTV5",16
20,0.375,"湖惑","RDLCyYFc",16
21,0.375,"白水哩","mNH7baXD",16
22,0.375,"篝","Pkn118sc",16
23,0.375,"连七对","RFEUhyob",16
24,0.375,"阿久津翔太","Dytf9mAb",32
25,0.359375,"孤影","fpDpqAzV",64
26,0.34375,"冥小喵","wStnAnCs",32
27,0.34375,"千手白子","E3DksPY4",64
28,0.34375,"正气明凝","YVdBGc8y",64
29,0.34375,"落影折桂","1shUb65y",32
30,0.34375,"雀鬼","QA5LHE4r",32
31,0.3333333333333333,"小胡","PpCN4rWd",9
32,0.328125,"克己小75","8kfL1nQn",64
33,0.328125,"只打萧寒","mGusjGtW",64
34,0.328125,"糕手","A1uy8Mdy",64
35,0.3203125,"茉莉鲨","VjCPrCFG",128
36,0.3125,"Hrl258","x98yfduR",16
37,0.3125,"JTY123457","gn64DqsF",16
38,0.3125,"Tomcat","EJQe608x",32
39,0.3125,"Tony","2UPsb7jy",48
40,0.3125,"Yangyumao","fQtZot30",16
41,0.3125,"annayanami","2ihC64v5",16
42,0.3125,"artrain","RFBT64m1",16
43,0.3125,"eco","tLwGtmUi",16
44,0.3125,"lpa","D8eeEQjA",32
45,0.3125,"rkcd","CQ5VZKz0",16
46,0.3125,"sova","DuKpdyFJ",16
47,0.3125,"spoonzzzz","G3UoT8qz",16
48,0.3125,"tenten","KXZS101y",32
49,0.3125,"yamipi2333","E54eDc6e",16
50,0.3125,"zzzsk","tqfvwHet",32
51,0.3125,"上吉","8wkQkNaR",16
52,0.3125,"人木自心","KdePEknD",16
53,0.3125,"冷欺花","eNSkhkxB",16
54,0.3125,"卡夫卡卡摔","M2wbK2oj",16
55,0.3125,"发腮缅因","Am8YM5yr",16
56,0.3125,"古月方源","A7oGdLiy",32
57,0.3125,"大盘鸡宅急送","WTLk2xNP",16
58,0.3125,"天然法师","sfYYjzzj",16
59,0.3125,"小k云魂","R3stFGFF",48
60,0.3125,"小张同学","cXVdcxEf",32
61,0.3125,"小林刚","GHHaP4Fx",32
62,0.3125,"岳麓山大王","8xXEo5ry",16
63,0.3125,"快乐风男","VHtjiMKy",32
64,0.3125,"是大侠吖","WF8CWGGV",16
65,0.3125,"晓白晓白晓","cDvxHMPc",32
66,0.3125,"枪匠","bBA04ohU",16
67,0.3125,"止匕小幺","tWd7rcW0",32
68,0.3125,"泷辰子","TrQ1FAYR",16
69,0.3125,"玖楼的考古家","4kHqrnq9",16
70,0.3125,"珉紫","Kg3ibr92",16
71,0.3125,"甘蔗","twkW11RG",16
72,0.3125,"甜橙","fS1RQzR4",16
73,0.3125,"白羊","tCDGsSq7",16
74,0.3125,"白羽寒","NxFjrh5c",48
75,0.3125,"瞻某人","fG62JF1T",16
76,0.3125,"绘心菇凉","xDor1WQo",16
77,0.3125,"送子","wq6AaxkY",16
78,0.30357142857142855,"月曦","nb2aezuC",112
79,0.3020833333333333,"qyjwty","argfbRZp",96
80,0.3020833333333333,"茜空","3TGSrYYp",96
81,0.3,"Lemo","6cN4EeEN",80
82,0.3,"ZJU国标分队","i5dTserz",100
83,0.29464285714285715,"胜天一番","pJL26aXb",112
84,0.2916666666666667,"仲林圭","sxpvXNi4",96
85,0.2916666666666667,"南风","km3wMh5t",48
86,0.2916666666666667,"卷谁呢","xKqmeNiB",48
87,0.2916666666666667,"数据终端","XKvZ6Qks",48
88,0.2916666666666667,"门清大师兄","065RqFCQ",48
89,0.2916666666666667,"风雨两重天","h6buKJiC",48
90,0.2875,"鲤鱼号","XT35gYx6",80
91,0.28125,"Jing","n2C9V954",32
92,0.28125,"Plio大咸鱼","G50ZPn0j",32
93,0.28125,"cyy","w9Sd222M",32
94,0.28125,"guo707","4FGgn1RB",64
95,0.28125,"jzlxlorf","V0pN7u0m",32
96,0.28125,"softhuang","KU5RVRmG",32
97,0.28125,"九歌哥","qjGWPjA2",32
98,0.28125,"决战机器人","mdzpkvHM",96
99,0.28125,"博博巨奈斯","BDEh5DSH",64
100,0.28125,"小张同学3","3ra2j8u9",32
101,0.28125,"日鳴","FyycPDa7",32
102,0.28125,"渋德安","9F7QM6j7",64
103,0.28125,"百敌针鱼","m3Kx7QxC",32
104,0.28125,"神仙左左","6Jit4kW4",32
105,0.28125,"胡伊卓","WeTHzxpk",32
106,0.28125,"艾琳","mQfxLaU6",96
107,0.28125,"蒲原智美","DiGeKWRB",32
108,0.28125,"西兰花","J5uXAjRF",64
109,0.28125,"郑美云","bwoZ613a",32
110,0.2791666666666667,"猫记饭团","T82V8yJZ",240
111,0.2777777777777778,"木木","QmAfUUvQ",72
112,0.2777777777777778,"林零柒","FHUSAoxT",144
113,0.2767857142857143,"风林舞破","kDhcgcNn",112
114,0.275,"渣男饼干","tYR0zcAD",80
115,0.27380952380952384,"Ryzen","RzNQg9q9",84
116,0.2734375,"困了喵","iwavmenk",128
117,0.2708333333333333,"beita","Ymebcx2x",48
118,0.2708333333333333,"lhylx","kiPzRJAk",48
119,0.2708333333333333,"十二归一七对","JJqsQYWt",48
120,0.2708333333333333,"可爱小花花","ChMXhnKP",96
121,0.2708333333333333,"国家三级废物","8KazUF4J",48
122,0.2708333333333333,"天胡","L6b6AAUw",96
123,0.2708333333333333,"小小鹿","bnPEzdMQ",96
124,0.2708333333333333,"崇灯","YRPUAPnB",96
125,0.2708333333333333,"派蒙","P980PMpU",48
126,0.2708333333333333,"流浪月光","o742JHKJ",48
127,0.2708333333333333,"秋8LUE","n9vCVZxB",48
128,0.2708333333333333,"萧十三","RMK2Q0r3",96
129,0.2708333333333333,"青一色","ckWUh4ND",48
130,0.2708333333333333,"青竜","LHiq5JMp",48
131,0.2692307692307692,"ZJU国标分队3","wEjGEyqS",260
132,0.2692307692307692,"peipei","1nNDx0BB",208
133,0.26875,"空折花枝","M8pwBiTz",160
134,0.26704545454545453,"Entelecheia","9L60rAH0",176
135,0.26666666666666666,"马砻","98zSu9qe",240
136,0.265625,"Shangbeiya","6B0ogdTz",64
137,0.265625,"dama王","jsGk9yUc",128
138,0.265625,"pfsP","3icLkm4t",64
139,0.265625,"山猫","jBco4LXQ",128
140,0.265625,"晚晴","mska4wy6",64
141,0.265625,"赖格宝","XZB38WRH",320
142,0.2644230769230769,"Yu無礼","dPNxcxjP",208
143,0.2644230769230769,"国标麻将浪人","pNtsdNSt",208
144,0.2638888888888889,"jzjbest","U8aoFFdY",144
145,0.2625,"第二片天","X67YsDYn",80
146,0.26171875,"三色同顺","nfhq9uPS",256
147,0.2604166666666667,"Rozen","pm3ERfgN",96
148,0.2604166666666667,"sakura","RrLBUmxf",96
149,0.2604166666666667,"小1他","QMVwy721",96
150,0.2604166666666667,"手下马上送和","aKiDAKse",96
151,0.25892857142857145,"御无双青猫","hA4tTBEy",112
152,0.25892857142857145,"风雪奇缘","iMKP4wM7",112
153,0.2578125,"欧尼酱","cxmHXc1k",256
154,0.2569444444444444,"PreB","UCssLzf5",144
155,0.2569444444444444,"沉默的西风","3o92Rnek",288
156,0.2569444444444444,"迫落","3GtKSgAp",144
157,0.2564102564102564,"东瓜帮主","2EYs7kYL",78
158,0.25625,"dz","EUnfRVD6",320
159,0.25625,"肉布斯","fjLTnccK",160
160,0.25396825396825395,"马戏团长","vQTie0rP",504
161,0.25,"ALF","eGGvUfdA",16
162,0.25,"Acylation","9wW9ta5i",96
163,0.25,"BLAZE","UGw1fTP5",16
164,0.25,"CHAGA99","MShck8fs",32
165,0.25,"CregChain","HdNztew1",216
166,0.25,"Fervidstar","8F0GBL2a",32
167,0.25,"Haru","Qdz1bkjz",32
168,0.25,"IO","4M2VCVu0",16
169,0.25,"Kev1n","684ibhom",48
170,0.25,"Kitaura","HtcTR2yn",32
171,0.25,"Lorvain","CqJ7s6ba",288
172,0.25,"MC宇宙RS","UJsAA0J7",132
173,0.25,"Minterror","1NcafvBq",32
174,0.25,"Nemesis","gzP6bq05",136
175,0.25,"PHIGROS","4kHsEUZ5",16
176,0.25,"Pius","2uP04paA",16
177,0.25,"Simba07","72VSQ4BP",96
178,0.25,"TNTzhakiller","aGECembx",96
179,0.25,"TTT","ESNMT4YU",32
180,0.25,"Tin仔","8upePrcW",32
181,0.25,"Tour诺达","Dmhecsxx",16
182,0.25,"UCAS2023","5MWHjoVn",16
183,0.25,"Yerin0626","HBoBAkdd",112
184,0.25,"abi","MansYQFq",16
185,0.25,"coword","JCiH6dcG",32
186,0.25,"dawn","LyNkoEtS",48
187,0.25,"hsr","7CpTmgD2",16
188,0.25,"konskie","XRXM7cey",8
189,0.25,"lys","NBCkmVd4",96
190,0.25,"minji","Kxt68qev",16
191,0.25,"qqll","8tKQT0kJ",128
192,0.25,"sugawara","BUaxt8Nj",176
193,0.25,"terum1212","JwuEgiEN",160
194,0.25,"theone","5nmxeSF7",32
195,0.25,"tooru","3Kedbo4M",16
196,0.25,"wqy","XPa59zgQ",64
197,0.25,"x5y6","gaLBHbsU",16
198,0.25,"xxhhww","qHJa32NB",16
199,0.25,"zaqcxy","Zjx1ey5b",16
200,0.25,"七七yaa","crgJv96X",112
201,0.25,"三倍滿自動姬","HXF131TH",16
202,0.25,"上亿小弟","1cTcWz7P",16
203,0.25,"不重要的同学","5Va2vyNT",16
204,0.25,"丛寂","1Q5HcymV",16
205,0.25,"兆庭","7A8PNDQo",16
206,0.25,"光睿","5PS45Kuj",16
207,0.25,"千叶流心","vDmvPxiu",144
208,0.25,"只会乱吃","FPcPdkqw",128
209,0.25,"吴下阿蒙","sC5kbV5X",192
210,0.25,"夏日浪漫星辰","39KdtA7y",80
211,0.25,"大三元","Ci2KvQ7n",32
212,0.25,"大话王","JmcT6sfp",48
213,0.25,"天清一色","kxBzfU3j",32
214,0.25,"奋豆王","Ge00EC7b",16
215,0.25,"学霸小黑","awx9yazj",24
216,0.25,"小华","KBgq359W",48
217,0.25,"小武","VHwjwYUB",48
218,0.25,"我们的歌","GWGuTQ5y",16
219,0.25,"无番胡连六","aeSc3x8d",16
220,0.25,"无问西东2025","Ad6K9iYP",16
221,0.25,"明石","U0xz0VG1",16
222,0.25,"春米","tY7MoTNC",32
223,0.25,"朋也","BwaiaKWq",32
224,0.25,"木叶","XT67HRpF",80
225,0.25,"林中及时雨","7LN9L9wn",240
226,0.25,"楚天危楼独倚","LnM55tmc",32
227,0.25,"江大麻将AI","Z8p1tU08",256
228,0.25,"流子","ot1MykLg",16
229,0.25,"温柔的光","r9bAXaNh",480
230,0.25,"王牌小管","bB6yTueu",32
231,0.25,"玖染","83pBGf29",16
232,0.25,"珈蓝","cMwhFKF0",16
233,0.25,"白睟","5xKu15GX",16
234,0.25,"相识离散即","i4YdsSNp",32
235,0.25,"空Jian","0qcgMWNp",16
236,0.25,"米夜","oP1M2tGv",80
237,0.25,"羽之野","bvKr8yfL",160
238,0.25,"老千","TrLzeGeX",16
239,0.25,"胡图图图图图","3iZK8s2J",16
240,0.25,"蚂蚁NMIXX","2dxrj7u8",16
241,0.25,"蜗牛","wwH9eo5t",96
242,0.25,"貔貅送分童子","1qoEEN1J",16
243,0.25,"超级妹控","WcZQQZ6x",16
244,0.25,"超级错和王","7ELCKcWA",32
245,0.25,"路辺三條","USXzdyEu",32
246,0.25,"这是一个小号","KBjrexsz",16
247,0.25,"醉酒","o710hPGj",16
248,0.25,"闪电","5Ky3ZmLg",16
249,0.25,"饼蛙","FFaBq3hN",16
250,0.25,"马庭芦花","5zzVB7Vh",192
251,0.24892703862660945,"我想静静","3h46aiUk",233
252,0.24708624708624707,"轻铸","dnpos5pA",429
253,0.2465753424657534,"壹玖陆and417","iNo7QfKc",73
254,0.2465277777777778,"风怒大汉堡","GwUSNczj",288
255,0.2463157894736842,"悠雨丶浪淘沙","0hdrw2W1",475
256,0.24519230769230768,"ShovelKnight","TCEJ6N8K",416
257,0.24519230769230768,"牌搭子","hrao1VWQ",208
258,0.24431818181818182,"叁壹","BrJ4MPJT",176
259,0.24431818181818182,"夏野川","U2TBZdNY",176
260,0.24375,"SansGotLazy","WrnZuPsv",160
261,0.24354243542435425,"根号88","ApcYsfXu",271
262,0.24305555555555555,"诗羽","pQQcBJth",144
263,0.24278846153846154,"乙二胺四乙酸","HMk4ub2t",416
264,0.2421875,"Tolerate","HhRNWNrR",128
265,0.2421875,"立直大王","UX7jJaSb",128
266,0.2421875,"黎洛溟JM","0Q5HoBvz",256
267,0.24166666666666667,"一色三龙会","6heiTbUV",240
268,0.24155405405405406,"幻尘","498khkXF",592
269,0.24155405405405406,"洛兰希尔坠星","r4vxQMTi",592
270,0.24147727272727273,"黑火","5jN3A9aY",352
271,0.24107142857142858,"suliao","hZCj2zkM",112
272,0.24107142857142858,"软趴趴","iNo61ykM",112
273,0.23958333333333334,"Ramoynd","S86wxaz5",96
274,0.23958333333333334,"ccy","VndQ8Zo2",96
275,0.23958333333333334,"zsswg","5dxu91dg",96
276,0.23958333333333334,"总是学不会","9qUCt1f6",288
277,0.23958333333333334,"李早苗","FkdzfrFv",192
278,0.23958333333333334,"蓝岚","4hdvJ6Df",96
279,0.23897058823529413,"lan666","kHrQ27c0",544
280,0.23809523809523808,"bagua","hcgjZYih",336
281,0.2376237623762376,"久遠之花","Jc3WkENo",101
282,0.2375,"CHAGA120","mSXBU8Hc",80
283,0.2375,"Forenal","6Cy4eFbD",80
284,0.2375,"mortal","4Tt8bNpz",240
285,0.2375,"何苏","FBL7xVvz",160
286,0.2375,"六百六十六","WcwY3KxM",80
287,0.2375,"小蝎蝎蝎子","uVaxpsW5",160
288,0.2375,"春風送福","cbqjKaJn",160
289,0.2375,"泠依喵","f2PFpj3M",80
290,0.2375,"潇","HwKRyKVT",160
291,0.2375,"芜芯","gaH9gj90",160
292,0.2375,"花见由里","NansNBPh",80
293,0.23741007194244604,"冰糖榴梨","B9mgZfAb",139
294,0.23717948717948717,"歳納京子","k4YJJYd5",312
295,0.23697916666666666,"voncast","uxJA8x49",768
296,0.23641304347826086,"吃了再日","FDEPgwKH",368
297,0.23622047244094488,"朱克斯","Luvsjmpx",254
298,0.2361111111111111,"无语锂电池","L3v39PgE",576
299,0.2361111111111111,"汐楚三月","Jg8AQU6v",288
300,0.23557692307692307,"NCO","J5rVZqNg",208
301,0.23557692307692307,"一叶菩提","gdpBpA8A",208
302,0.23529411764705882,"祈桜","k3MTrvoz",272
303,0.23516483516483516,"朴彩英","jBZnr8Cm",455
304,0.2348901098901099,"Aimp","nAb0iCLH",728
305,0.2345679012345679,"正弦","1dzM4vZC",324
306,0.234375,"Bullshitmatt","rrjy2Knf",64
307,0.234375,"DSCH","TgXdMczg",128
308,0.234375,"majongmaster","hQxPJwha",64
309,0.234375,"shentes","gJyQtben",64
310,0.234375,"symbol","HrjigQum",64
311,0.234375,"凌云峰200","fnJ3Uesu",64
312,0.234375,"婉兮","RXh3jWoG",64
313,0.234375,"断平三色AAA","ZS0B2b47",64
314,0.234375,"日安夜愿","fTWdz8i1",64
315,0.234375,"明绣","4GoSieSF",256
316,0.234375,"星月城","mmeWmo1w",256
317,0.234375,"漳州Cody","5fx4FTjy",64
318,0.234375,"追寻","XLHjWZuT",64
319,0.234375,"锦亚澄","Qo1YqhUz",64
320,0.23423423423423423,"kulin","CdwYo5Up",111
321,0.23333333333333334,"左彼篝思劝颊","szN9hR0r",480
322,0.23307086614173228,"洛天依","PW9AW365",635
323,0.23295454545454544,"三只大土鳖","Cxur2UnB",176
324,0.23295454545454544,"墨辰","dvnVqUL5",176
325,0.23295454545454544,"微光","PuSoTBHW",176
326,0.23257520176082172,"左右","TWyh008h",1363
327,0.23214285714285715,"citrus","uxMBkr6j",224
328,0.23214285714285715,"井川子虎","EqmCU130",112
329,0.23214285714285715,"小熊老师丶安","Ci5MXJ1g",112
330,0.23214285714285715,"百千万","eCrwZzy1",112
331,0.23214285714285715,"繁花似锦","rfj2Nhr3",112
332,0.23148148148148148,"luocl","jjL90eM6",216
333,0.23145780051150894,"小傻子","Xu1kxbx0",782
334,0.23125,"庄寒雁","jVY8mTHh",320
335,0.23125,"澜川","95ZTzVAV",160
336,0.23076923076923078,"阿杰","ZZiE30wE",208
337,0.23076923076923078,"雫ちゃん","cDyyuE75",416
338,0.23032407407407407,"林嘿嘿","TewQM4zF",864
339,0.23026315789473684,"水小妹","FDBN53T8",304
340,0.22983870967741934,"不吃葱花","GUm9uToq",496
341,0.22972972972972974,"Colanya","cuMQhJWm",148
342,0.22959183673469388,"Felix","5tuv6PjJ",392
343,0.22929447852760737,"海","F7s7RwfH",1304
344,0.22916666666666666,"Altros","KaGQZFND",48
345,0.22916666666666666,"CHAGAJencese","aDadsQX0",48
346,0.22916666666666666,"Middag","HTn0XSuE",96
347,0.22916666666666666,"a16","8ncbzQEf",48
348,0.22916666666666666,"jiuli","oeQd3zCu",48
349,0.22916666666666666,"yyyyyyh","o3Y0ApRK",48
350,0.22916666666666666,"与梦随缘喵","2G4bgggo",48
351,0.22916666666666666,"井九清","fC0FAw58",48
352,0.22916666666666666,"企鹅","KmQTs3xX",48
353,0.22916666666666666,"千早愛音","sMxMoGxc",144
354,0.22916666666666666,"塔利雅","Rg3RHcpg",96
355,0.22916666666666666,"宇笙","Grsbde4u",96
356,0.22916666666666666,"小星星星君","nPznVYir",48
357,0.22916666666666666,"小绿帽","Zju035DS",48
358,0.22916666666666666,"来","m87K6G0j",48
359,0.22916666666666666,"桔梗","FYJhNinA",48
360,0.22916666666666666,"沮望","4AcTep5v",384
361,0.22916666666666666,"海之蓝","9L92T4Au",432
362,0.22916666666666666,"深圳柿子吉他","3vptHSAn",288
363,0.22916666666666666,"竹夜卿","MQQrCuby",48
364,0.22916666666666666,"胖子zzz","oBbizJJT",144
365,0.22916666666666666,"超薄也有距离","iX8Lpsfs",48
366,0.22916666666666666,"雪豹","VFzVMbnX",720
367,0.22916666666666666,"食卓塩","aQGRr9Km",48
368,0.22896281800391388,"熵减","tjqe3C1k",1022
369,0.22884012539184953,"伪随机","7QiDf6sg",638
370,0.22839506172839505,"Eevee","RcmL1zwY",324
371,0.22826086956521738,"算符","qjKY0d3w",368
372,0.228125,"何いみ","gzP5D8Qq",320
373,0.22794117647058823,"球1234","NMXNL5Rv",136
374,0.22778473091364204,"聆风秋邻","35rdMbsG",799
375,0.22767857142857142,"jellyhi","2kg03WCw",224
376,0.22767857142857142,"一色儿","1WNduYyJ",224
377,0.22767857142857142,"光明之眼","wAvKz5kh",224
378,0.22767857142857142,"舛敖","789bQo6x",224
379,0.2275,"只打CHAGA","L1zFRAqi",400
380,0.22743055555555555,"神奇的飞菊","kxF1GN6J",576
381,0.22727272727272727,"狠人大帝","aDdfUHEU",176
382,0.22713414634146342,"奈芙莲","mfqi76ys",656
383,0.22713414634146342,"显卡","rH9yAT00",656
384,0.2265625,"Kevin","bsWWNxjD",128
385,0.2265625,"bits","WUuLEePW",128
386,0.2265625,"hamburger","D8bcdY0h",256
387,0.2265625,"九九ya","ikzNfwbR",256
388,0.2265625,"取名废","Bc8Fs5Ng",128
389,0.2265625,"清梦挽歌","9phQCzp8",128
390,0.2265625,"草莓","sMAZ8F6e",128
391,0.22644628099173553,"王致和卤大鹅","PYWSsauZ",605
392,0.22635135135135134,"尚恩","YPSCCmCv",2368
393,0.22628458498023715,"雅屁","eZsMNe32",2024
394,0.2261904761904762,"嗯好可以行2","KuM41PDi",336
395,0.2261904761904762,"四角豆星","4oir994Z",336
396,0.2261904761904762,"山不言","dgwTzQQX",336
397,0.22596153846153846,"GoodNight","U2WDAXR7",416
398,0.22596153846153846,"gadfly0512","B9iexnT7",416
399,0.22596153846153846,"海子哥","BLstV1wM",208
400,0.22569444444444445,"VvV不会金八","sq6sWyaL",288
401,0.22569444444444445,"🏹🪚👴","MWSmqmTK",288
402,0.22544642857142858,"小猪美美","KABb6EjL",448
403,0.225,"Neam","2xv2CHAo",40
404,0.225,"TokisakiG","70hZG3Lk",160
405,0.225,"圣堂萌新0v0","cuJP5QUB",80
406,0.225,"小白ali","a8fR0t6a",240
407,0.225,"就打萧寒1","3WnMWwEb",80
408,0.225,"猪突猛进","SLLz6MoG",720
409,0.225,"管家婆","dDpzscqN",320
410,0.225,"风车车酱","aJBUcPaW",80
411,0.22462203023758098,"小白","nb2c2gd8",463
412,0.22443181818181818,"秀仔","hBbePpG2",352
413,0.22433035714285715,"QYC616","jo2hg6aq",896
414,0.22426470588235295,"Fred460","W3cyoKRf",272
415,0.22413793103448276,"魔法少女寻笺","jAUzDbRn",812
416,0.224,"渝宇","gYpSjfaL",375
417,0.22395833333333334,"二阶堂真红","17SpuPa8",576
418,0.22388059701492538,"淡定哥","KVghGLVA",268
419,0.22386363636363638,"云","DwwPC7m0",880
420,0.22379032258064516,"luoshen","hakyD238",496
421,0.2237215909090909,"黑心换黑心","WaGcVe3W",1408
422,0.22330097087378642,"小小黑","pwP2Dirw",206
423,0.22322775263951736,"alldxly","orX9Qach",1326
424,0.22321428571428573,"Aurora","YkAtfuoP",112
425,0.22321428571428573,"PeterGriffin","MyE8vfxH",112
426,0.22321428571428573,"cslp","1NZZ42UM",224
427,0.22321428571428573,"xyhsjh","varr2tp6",112
428,0.22321428571428573,"早哥","EjaEnsRb",448
429,0.22321428571428573,"星空凛","fZhd2ze4",112
430,0.22321428571428573,"次方","HuPHTmzi",112
431,0.22321428571428573,"深海大菠萝","9Qgj85A3",112
432,0.22268907563025211,"Virophage","rqHkhPQ4",476
433,0.2225609756097561,"NaOH","wxjMzm5w",328
434,0.2222222222222222,"Rich","uL4bVinF",144
435,0.2222222222222222,"chuqing","NHHJTYFE",36
436,0.2222222222222222,"zhozho","QEKNn5Xb",144
437,0.2222222222222222,"凑凑番","TFcGnrWa",144
438,0.2222222222222222,"呵呵哒","v6v87Tp2",144
439,0.2222222222222222,"墨色清涟池","64bi58Y4",144
440,0.2222222222222222,"大胡","vFg9kgoZ",9
441,0.2222222222222222,"宝宝","B3b4erN5",432
442,0.2222222222222222,"尘世","KSCgknDU",432
443,0.2222222222222222,"超级七对怪","aRoBnnLq",288
444,0.22200520833333334,"念起觉迟","sTMWpQuU",1536
445,0.22191011235955055,"麻将预防痴呆","11e1EiDi",356
446,0.221875,"cx遇恒","1zZFsaR7",640
447,0.2217741935483871,"清風不歸客","7zYyZMP7",496
448,0.221608832807571,"Choimoe","irfhv7y2",2536
449,0.2215909090909091,"artemis","R9uRj6Zn",176
450,0.2215909090909091,"佤熙紫","X83hMnLt",176
451,0.22115384615384615,"Seven","EqmDrhdF",208
452,0.22115384615384615,"洋山芋炒咸鱼","9BKF2GvN",208
453,0.22115384615384615,"知不可乎","TGizZC7w",416
454,0.22112211221122113,"只和三步高","3KhfCfnq",303
455,0.22103658536585366,"狗勾战士夕夕","k81Jq6bR",656
456,0.220873786407767,"我是时光啊","BUXwGFWa",412
457,0.22083333333333333,"甜蜜桃花","4VPt9JyS",240
458,0.22077922077922077,"hb","1Gxm2qaF",77
459,0.22077922077922077,"诸葛长青","igoLQGsc",77
460,0.22076023391812866,"青椒","2Q3oG9w0",684
461,0.22058823529411764,"Alphabeb","9qRCeqWt",272
462,0.22058823529411764,"pyy","oNyKS0Qm",272
463,0.2204861111111111,"SunnyYip","njwu2Rh3",576
464,0.22039473684210525,"五分发挥de","VwQwNtVr",304
465,0.22039473684210525,"狗","hrXnoJNB",608
466,0.2203125,"镜影","iij6koqX",640
467,0.22023809523809523,"Kazuradrop","By3Sv4fk",672
468,0.22,"典狱长","ctDaTtix",400
469,0.2199074074074074,"rcbar","ZvFeDYc5",432
470,0.21975806451612903,"floatcloud","m8ALiA3J",496
471,0.2195945945945946,"矢来美羽","1gfRUPEW",592
472,0.21927966101694915,"矮胖诗客ll","iDH9tYdJ",944
473,0.21927966101694915,"魂魄","hzUMZwmm",1888
474,0.2192622950819672,"Falcao","232GP8zA",488
475,0.21923076923076923,"阿升","t1Hw2xG7",520
476,0.2191780821917808,"雀神A01","Jc0V8LLD",292
477,0.21895861148197596,"观自在","McFaVTgp",1498
478,0.21875,"Amazingkitty","MtEPrAY8",96
479,0.21875,"Appr2025","qefHVj0j",32
480,0.21875,"BLG首席打野","fnF1skz0",64
481,0.21875,"CVB123","bHBvhepS",64
482,0.21875,"Dreamcast","Gy0AwZRY",192
483,0.21875,"Fayehe","9a02vSXC",128
484,0.21875,"M7t11","pNqr1VjQ",96
485,0.21875,"MakiYu","E3AjFWfv",32
486,0.21875,"Natsuki","qixNz9eG",64
487,0.21875,"Tricale","noMsx7Xd",64
488,0.21875,"Voyager1969","u0GvHVqL",352
489,0.21875,"biu","UxHL0Ssv",96
490,0.21875,"ck053","iKUViinY",32
491,0.21875,"fiorgace","Rn8NXNZw",128
492,0.21875,"flw","eEjgJdKP",96
493,0.21875,"jjh667","kPCYq2M9",32
494,0.21875,"melonpi","uDzeFxSH",32
495,0.21875,"michalek","euJ2Q8kH",96
496,0.21875,"qxbk","dTu8gsQY",32
497,0.21875,"rainbow369","j5Ti9K1S",928
498,0.21875,"ssshamu","2N6XJXxS",224
499,0.21875,"zinv","uty3GSJs",64
500,0.21875,"一朵南方的云","JQvpeJrr",128
501,0.21875,"上帝肥嘟嘟","8i0mERB9",64
502,0.21875,"主播狙击手","qjKWcwUg",64
503,0.21875,"云枫","mudiMJAx",96
504,0.21875,"佐仓沙耶加","UsoeYdAf",128
505,0.21875,"佐佐木淳平","9U9m2LkP",128
506,0.21875,"兰姐","nV12B9ag",608
507,0.21875,"冰川纱夜","ebTbmt4k",32
508,0.21875,"出道即巅峰","33iqryDs",352
509,0.21875,"北","XdR713by",64
510,0.21875,"十鬼蛇沃玛","JqiFcsJK",320
511,0.21875,"半成","inv91UHj",64
512,0.21875,"只和平和","oYdK1QK9",192
513,0.21875,"呓语年少","H0f7sxe2",32
514,0.21875,"喻秋水","ntFDzfah",800
515,0.21875,"堕天圣黑猫","ZKvDopj9",32
516,0.21875,"好想线下国标","KZvjmCXd",96
517,0.21875,"小寒冰","G7gcQYX4",96
518,0.21875,"幻浪","MCucVxcT",256
519,0.21875,"执经人","UDC19GDt",32
520,0.21875,"敏敏子","vgwpfKha",64
521,0.21875,"春田太太","8M2BpD4M",32
522,0.21875,"晨昏对峙","GwUQzwFo",32
523,0.21875,"望月穗波","1aUSQYT8",160
524,0.21875,"木木夕","37NMvYJ5",224
525,0.21875,"本智","VbFogs61",32
526,0.21875,"果味苏打","es6Wkxqx",32
527,0.21875,"栖久","eugCpJBE",32
528,0.21875,"检查绝张","mugjyAuR",128
529,0.21875,"洛阳yy","Bc5EFBUn",320
530,0.21875,"渡鸟","6j7RQdsj",64
531,0.21875,"灿丽花火","L5TFwkPm",96
532,0.21875,"璃茉","eSCJbQK8",192
533,0.21875,"白石奈奈","jmBpJuuK",32
534,0.21875,"白纯里绪","dpkaCcdQ",96
535,0.21875,"秋名山丘比","k9TXA3Zj",32
536,0.21875,"笨笨","o90Aopwz",224
537,0.21875,"老王c","Lf2FYHqx",32
538,0.21875,"苑清青","LYwCEA5C",352
539,0.21875,"萌新小白","0JHzkd2E",64
540,0.21875,"萌新小雷","5hVJRW2k",96
541,0.21875,"蜡笔小帅","sMuLBQ5T",64
542,0.21875,"诈诈的胡","PW997MN9",32
543,0.21875,"说说","pwL0cppM",320
544,0.21875,"超收敛模形式","RGiBf1Bq",32
545,0.21875,"路边一条","Q24bKFLP",64
546,0.21875,"远山黛蓝","QZRCTeYd",96
547,0.21875,"迷途","KQ2cxJeu",64
548,0.21875,"长崎爱爱音","TxT4L6aE",64
549,0.21875,"黑泽咲","Q0XNXuUB",96
550,0.21875,"龍龍想你了","3ZM2BbSf",192
551,0.21863718411552346,"水墨","TP9amo4V",4432
552,0.21767241379310345,"梁森","WpoRAeeE",464
553,0.21745562130177515,"东东麻","V6vSpjXB",676
554,0.21745562130177515,"乌克兰","qV9MMGrw",2704
555,0.21740547588005216,"空想少女","XqYmpjYv",3068
556,0.21739130434782608,"小柒","HxpeXUw5",368
557,0.21737899801868102,"Randy","dHFNK1eM",3533
558,0.21726190476190477,"彩色哥","QV88MuwN",336
559,0.2172211350293542,"黎黎","DqrRyPBA",1022
560,0.21710526315789475,"JN","bedANKmp",304
561,0.21710526315789475,"TristeQ","n4ZRrgtY",304
562,0.21710526315789475,"王大星","R1vcHeGh",304
563,0.21706586826347304,"喜欢做大牌","7rBc0Dtw",2672
564,0.2169811320754717,"是小天才耶","9BePqYA4",424
565,0.21694214876033058,"pedro","Pi7SDnwL",484
566,0.21668773704171934,"FMA","vWWmixTv",3955
567,0.21642512077294687,"萌新99成","qV6M85ii",1035
568,0.21634615384615385,"wyy1990","QpypoKcD",208
569,0.21634615384615385,"求道人","ZiLkt34L",208
570,0.21614583333333334,"拾陆","Y7snofsZ",384
571,0.21606507371631928,"臣服","wfWMTBmN",1967
572,0.21601941747572814,"kiki","6YqgLrQZ",1236
573,0.2159090909090909,"zumgze","L5WHYd7E",704
574,0.2159090909090909,"下一张牌自摸","8KXxsNC9",528
575,0.2159090909090909,"四四子","VFwV8QeJ",880
576,0.2159090909090909,"日晕月华KBG","Fn6hcuqa",176
577,0.2159090909090909,"莫莫柴","S2uSoczk",352
578,0.2157258064516129,"风灵","5MZKLgMw",496
579,0.215625,"不名","0ZudhA9F",320
580,0.21551724137931033,"楠枫溪","pQMaaS1Y",464
581,0.2152777777777778,"林嘿嘿4号","bykq3dtT",144
582,0.2152777777777778,"牌手","AyJ3GtAr",288
583,0.2152777777777778,"落夏","AHfe8ChT",288
584,0.21510204081632653,"秋玲","g4siRZjQ",4900
585,0.21484375,"LogY","pSMrmEqy",256
586,0.21484375,"达斯眉目","WwZyFwN1",256
587,0.21457744266415332,"亦然","fqn40DRx",6366
588,0.21452702702702703,"nsbs","cAyMbK82",592
589,0.21428571428571427,"QryanQ","AexCWvDu",336
590,0.21428571428571427,"xtd","B8ar72er",224
591,0.21428571428571427,"五河かがく","JnLGwPDR",112
592,0.21428571428571427,"唐指导yestdy","nN9G23fj",112
593,0.21428571428571427,"在原七海","dtuNwozr",196
594,0.21428571428571427,"天唉唉","35rbyvH1",112
595,0.21428571428571427,"帽帽","FrfY8gaS",112
596,0.21428571428571427,"无奈喵","BBFu7pTY",112
597,0.21428571428571427,"理论魔术师","kpXwtF4D",112
598,0.21428571428571427,"白鳥汐音","vaoqphft",112
599,0.21428571428571427,"纪清欢","YpMaADrz",224
600,0.21428571428571427,"赵秋雨","JYguFcSS",336
601,0.21428571428571427,"静座","E3DjUhp8",112
602,0.2140625,"依璐","DDcsK8sX",640
603,0.2140077821011673,"信噪比","DA8roabq",514
604,0.21363636363636362,"Candycane","YgmEaPzt",6380
605,0.21361185983827494,"絲絲","1LphXvXc",1484
606,0.21359649122807017,"仓田真白","bkNyopXz",2280
607,0.21357898328215627,"耳朵老师","Czs5cRcX",2931
608,0.21352785145888595,"CHAGA06","XXL9nHG0",1508
609,0.2135102533172497,"icrua0alskjs","rEUtn0Bm",829
610,0.2134325774623507,"傻哥哥","BT5iwHMr",11554
611,0.21339950372208435,"余光","bwrahuxU",1612
612,0.21323529411764705,"tempestkou","KjXhjigo",136
613,0.21323529411764705,"金瓜皮子","048BFJWk",544
614,0.2132132132132132,"涛","D7XwU4FV",1998
615,0.21313005600497822,"火哥","UQwmdRqB",3214
616,0.213089802130898,"孟丽莉","5Zp5QqGE",1314
617,0.21301020408163265,"阿牛","R0PsjhzZ",784
618,0.21296296296296297,"开一不心的","vFjBMahT",432
619,0.21285587188612098,"冰雪看看","uAZfMH4V",4496
620,0.21283783783783783,"Serendipity","2sRj7Bbc",1184
621,0.21282973621103118,"贯","AtoEMz9T",3336
622,0.2127659574468085,"DankratosBR","v9bDudDG",564
623,0.21272365805168986,"ikun鸡打王","3FQb6vtD",4024
624,0.2126865671641791,"全大风风","UrCNmh7f",536
625,0.21266778523489932,"浮生小朋友","RrPD5g0E",2384
626,0.2125340599455041,"梁玉苏","4xWQ2Ui6",367
627,0.2125,"HiramHe","bvGpY4cm",160
628,0.2125,"Innnnnfinity","EfLAvKYG",2240
629,0.2125,"lapulas","2ppnQ1aq",80
630,0.2125,"佩奇QAQ","1NHQUxvr",80
631,0.2125,"初阳","vsweEaV1",80
632,0.2125,"姬丝秀忒","qgfb4DrS",160
633,0.2125,"早柚","qPaS6BrF",160
634,0.2125,"随随便便","VrqBiGkB",400
635,0.21228203184230476,"细呷温酒6708","S2rRBj5r",1319
636,0.21220930232558138,"lifeline","uozop2mg",688
637,0.21212121212121213,"TedZhu","2vum1Sjv",528
638,0.21212121212121213,"南宁正氣雀馆","s1PxckGm",3168
639,0.21195652173913043,"BrilliantIME","7A5MmKND",736
640,0.2119294207901803,"David","dTg1igkw",5214
641,0.21187739463601532,"日出","XVsSqEsm",2610
642,0.211864406779661,"spmagic","bFM2LTRH",472
643,0.21180555555555555,"到底是谁","7ScU0sR7",576
644,0.21177685950413222,"七夜的许愿星","KhwUjBG5",1936
645,0.2117191818684356,"星间梦影","wKg16HYQ",1809
646,0.21153846153846154,"LACIE","819ELG71",208
647,0.21153846153846154,"北条沙都子","szRBJJuk",208
648,0.21153846153846154,"沐光重生","GdzyrWYL",208
649,0.21153846153846154,"记得快快的","0vW2Q4cJ",52
650,0.21153484876949089,"看雪飘过","WPsjXNpL",5323
651,0.2113095238095238,"dorie","AK6rU8nh",336
652,0.21120689655172414,"ws1221","0n8fqx77",464
653,0.21117424242424243,"咕咕咕咕","e2aANr7P",1056
654,0.2111111111111111,"odd","7q9obtYX",1260
655,0.2111111111111111,"油泵","RMN40tZX",720
656,0.2111076540136901,"三门齐","sFpnVN30",6428
657,0.210989010989011,"樱花Judy","6kJHEx7Q",1820
658,0.2109375,"milkdragon","83m9fnJg",128
659,0.2109375,"茶花","r3TD4dVD",128
660,0.2109375,"阿飞","Xs91CxhZ",512
661,0.21091242549289316,"刘十三","aaybYNaa",2181
662,0.2107843137254902,"quzer","edJWWmnY",1428
663,0.21052631578947367,"宗门天骄","atcp5yUr",304
664,0.21052631578947367,"桀桀子","bcft20BF",608
665,0.21048850574712644,"Yusaki","t5W8Y4f0",1392
666,0.21047909563969136,"牧羊人","rN6LpuEK",5573
667,0.21041666666666667,"Alola","qnkWvHRj",480
668,0.21036585365853658,"CatHikari","KsVR5phn",328
669,0.21033478893740903,"发牌姬","1BEzDEFx",1374
670,0.21030042918454936,"大仙人","LK5AP69e",2796
671,0.21027327935222673,"加贝勒","xTessaLM",3952
672,0.21026894865525672,"Sw279695293","mGrsW4Zs",1636
673,0.21022727272727273,"CHAGA31415","kvHiw2Wk",528
674,0.21022727272727273,"SDU麻雀","WUrJdkVc",176
675,0.21022727272727273,"yukimurasaki","DwzQp1eu",176
676,0.21022727272727273,"英格兰巫师","civFgY6B",176
677,0.21021021021021022,"一碗小甜粥","sVzazfyn",5328
678,0.2101328903654485,"大哥大的小弟","n9yE6Tr5",1204
679,0.21010638297872342,"parkloss403","1ibBpvo8",752
680,0.21010019228822993,"独钓","aJEWDGHz",9881
681,0.21006944444444445,"江鸟","eNVnJdpL",576
682,0.21006944444444445,"雏步","21V2D6gP",576
683,0.2099391480730223,"Charlotte","CKziAhsd",1972
684,0.2099009900990099,"fmu小木","wwE82vDj",505
685,0.20987654320987653,"安宇枫","NB9j9bjA",648
686,0.20982142857142858,"liqiu","1XuPrAzN",224
687,0.20982142857142858,"国标咸菜","6fhSVy3u",224
688,0.20982142857142858,"神里绫人","7A5P9169",672
689,0.2097902097902098,"火鸡","C02bdpkk",1144
690,0.2097800925925926,"徐北to","SCJkv06C",3456
691,0.20967741935483872,"杠上补花错和","JMSp7kHo",496
692,0.20966569767441862,"后来","WKL1Tfxa",2752
693,0.209375,"Cast27","LSrDcikh",320
694,0.20933014354066987,"王泥喜法介","myNUAX5i",836
695,0.20932277924362358,"泡哥","X8nVocTv",3411
696,0.20930232558139536,"无关烟尘风月","C4BNzKyy",43
697,0.20905172413793102,"FanYan","RKSHfMSw",464
698,0.20901639344262296,"伽罗妹妹","9N1nBhYG",1220
699,0.208984375,"檐下风铃","icY94fD7",512
700,0.208984375,"糊涂蜜蜜","tpAiN8Mw",1536
701,0.20884146341463414,"小蚊子","Vznv4M02",2624
702,0.20863970588235295,"Nekkoya","uhpzyemJ",1088
703,0.2085889570552147,"幻雪","nv98xm1R",815
704,0.20854700854700856,"墨羽","RwkLVuuX",585
705,0.20850840336134455,"SSSFFF","q54ZGx8F",3808
706,0.20847651775486828,"理论力学","ZaL3gSe4",2619
707,0.20833333333333334,"Archetto","EbvC0dhh",288
708,0.20833333333333334,"HReimu","we30i16P",48
709,0.20833333333333334,"Jamesqin","bGuGWVsk",48
710,0.20833333333333334,"Kayla773","ozHE1uNi",96
711,0.20833333333333334,"K酱","gJvPGind",432
712,0.20833333333333334,"Malkavian","q9gNeF3Y",144
713,0.20833333333333334,"Muigi","TYrRjdW4",48
714,0.20833333333333334,"PP大公主","6ERnbKJZ",48
715,0.20833333333333334,"Sakura","tsbhGqCW",96
716,0.20833333333333334,"ShooH","6mrXQzRB",192
717,0.20833333333333334,"THRIVE","jVY7NmZm",48
718,0.20833333333333334,"TyrusYip","1DanMLTc",528
719,0.20833333333333334,"Weltraumhund","wdzz68EE",48
720,0.20833333333333334,"lynchblax84","UyqaAV21",48
721,0.20833333333333334,"patty","p6sPppGE",96
722,0.20833333333333334,"supercp","2sUkj5VW",48
723,0.20833333333333334,"vicky","Bk75HYX5",960
724,0.20833333333333334,"东野归五","WFs0x6PX",48
725,0.20833333333333334,"仓鼠","EQVbKkuC",48
726,0.20833333333333334,"全效进张","Y1nrxcHG",528
727,0.20833333333333334,"兰克拉","MqdUWg4s",48
728,0.20833333333333334,"博博","anXqUXbN",672
729,0.20833333333333334,"妖妖果","UiJpDEsJ",48
730,0.20833333333333334,"婚庆老戴","fvMnH8Tg",96
731,0.20833333333333334,"小任好运来","BmgrTNi7",48
732,0.20833333333333334,"我最逍遥","ZKsCBx0g",96
733,0.20833333333333334,"我爱汉堡","w4qNkLb9",48
734,0.20833333333333334,"我爱看评论","mLNtEr9C",96
735,0.20833333333333334,"来吃莴苣吧","SL4ruzrm",24
736,0.20833333333333334,"求求人","oSSKxZyp",144
737,0.20833333333333334,"河漢清淺","oGwPp87N",288
738,0.20833333333333334,"火柴","JgBC1N0p",48
739,0.20833333333333334,"爱喝水的思","icY7gyds",96
740,0.20833333333333334,"白晴","ZCBNiycs",96
741,0.20833333333333334,"白鸟翔","0evtNma3",144
742,0.20833333333333334,"皮皮161616","tjteGP9y",96
743,0.20833333333333334,"自动点炮机","BkA6uSQz",48
744,0.20833333333333334,"调皮的猴子1","pE4pPH2E",192
745,0.20833333333333334,"超强力鸡翅","X4YnhQEp",48
746,0.20823798627002288,"山丹丹开花","ENbgMfTU",3933
747,0.20821114369501467,"月黑风高夜","e6fxW9mM",341
748,0.20793269230769232,"熔岩","ARHqXzik",832
749,0.2078804347826087,"一瞥而过","iR6RC0NU",736
750,0.2078804347826087,"快雪时晴","93fCF3vs",1472
751,0.2078754578754579,"翔鹰","up2qQvV9",4368
752,0.2078125,"yy小泠","q57ZW9Su",640
753,0.20777027027027026,"北部玄驹","es9YMqi6",592
754,0.20776255707762556,"振玉","FoEZE1eg",1752
755,0.2076923076923077,"冥雪99","j2rnppZA",520
756,0.2076771653543307,"雷雨霆","AEvpCV3t",2032
757,0.20763305322128853,"xYz","LkVSAJey",2856
758,0.2074532900081235,"浓眉小眼","tCAGeEWU",9848
759,0.2074468085106383,"伏黑惠的玉犬","izNnJF07",752
760,0.20738636363636365,"sm","Z4yb0UK2",352
761,0.20738636363636365,"荔枝好吃","pUyoUSct",352
762,0.20733532934131738,"时尚","gozxpEsQ",1336
763,0.20723684210526316,"白茉晴","fkthxfM8",304
764,0.20722433460076045,"我来辣","DUwGJ4te",5260
765,0.2072072072072072,"inami","SMsk2zpL",1332
766,0.20714285714285716,"天野ヒトミ","FvVbsfJR",560
767,0.20714285714285716,"月明天朗","q1k9dxmD",560
768,0.20711297071129708,"土豆豆鸭","ABPn52w2",956
769,0.20711297071129708,"练习两年半","oxMTgN7S",1912
770,0.2070750647109577,"吕布","EdqyM9xy",1159
771,0.20703125,"Simon919","BW3JdKdR",256
772,0.20703125,"Tortov","BDBfULip",256
773,0.20703125,"傻逼克高手","3h14ypar",256
774,0.20689655172413793,"阳光男孩","gquCA07V",232
775,0.20684495979053674,"对酒当歌","6aRvk6KL",5347
776,0.2068115617297782,"和绝张","NRnb3P4x",4463
777,0.20675944333996024,"音律","rRaMLTW1",1509
778,0.20673364430092095,"CHAGA03","hNEQmgMK",33444
779,0.20673076923076922,"GyroZeppeli","PFCZ5PGD",208
780,0.20673076923076922,"卿湫","q3YoLK7B",208
781,0.20673076923076922,"快乐人生","Y2TdnYD3",416
782,0.2067273162556859,"三点水","bWXwxkcR",8354
783,0.2067137809187279,"氟磺酸镍","9BhRSS3y",1132
784,0.20666666666666667,"Be4Sunrise","rW74QAWT",1200
785,0.20652173913043478,"渣渣","9yRwE6Lz",92
786,0.2064977973568282,"虹村雪","ah6aP1e1",1816
787,0.20643033800494642,"有限鲤鱼机","Y4PofoUU",6065
788,0.20634920634920634,"南方孤影","c6MYE1en",1512
789,0.20634920634920634,"卢YYY","QyTjE9Up",1575
790,0.20634920634920634,"雄关迈步","JVCtk2tP",3717
791,0.20631436771906128,"蹦天使","vNXa8Suc",5923
792,0.20626151012891344,"我是战神","AtkCm6HJ",2172
793,0.20625,"Matter","wGBzC2Q6",1280
794,0.20625,"StaticFish","jS16e19r",160
795,0.20625,"hawaii","fY9NsxUy",160
796,0.20625,"reswa1","LQWRUc70",320
797,0.20625,"桃子","it6vF5Dh",160
798,0.20625,"琳雨空","DgN0Ajsy",1120
799,0.20623987034035657,"t2004","KEUgag4X",2468
800,0.20622895622895623,"月出星河","QmAgsAeL",1188
801,0.20621980676328502,"漆黑似夜","dRLDaahx",3312
802,0.2061742006615215,"小天天err","0dRfpdTX",2721
803,0.20614035087719298,"pingan","RRXEu7nu",912
804,0.2060931899641577,"山浩然","JpG3GvUh",2232
805,0.20608108108108109,"鸡神教信徒","B745AQdn",592
806,0.20607091456234464,"业6forever","LGC5XMw0",7643
807,0.20601851851851852,"桃蹊柳陌","39GcGHQV",7344
808,0.2059800664451827,"苍落","69bT9eEa",301
809,0.2059659090909091,"橙留香","LCj50oMx",704
810,0.20594262295081966,"圓點儿","1XrNEGwo",976
811,0.20588235294117646,"落樱焚雪","RogchQsi",136
812,0.20585842148087877,"kanna","G0prWmDC",1229
813,0.20578241611552697,"CHAGA08","7XnjdNdo",32962
814,0.2057142857142857,"Yuki琪琪","rhzJHqbx",2800
815,0.20564627733185717,"诈和天地人和","AzuK3pft",7226
816,0.20554123711340205,"秀儿稳","pzp18P53",1552
817,0.2055090467188766,"一起去前行","uz94trxN",3703
818,0.20549242424242425,"祈慕斯","N9GcFwXc",1056
819,0.20548135781858654,"初见","sHkYqu9b",7188
820,0.2053982883475971,"柳梦璃","PPHotfkF",1519
821,0.20535714285714285,"Nova","Npgvq82j",112
822,0.20535714285714285,"YandereChan","P5ecikzC",112
823,0.20535714285714285,"shiro","9WX3nZqm",112
824,0.20535714285714285,"北冥雪","Q24chwve",224
825,0.20535714285714285,"天天","UWn3WXJe",112
826,0.20535714285714285,"封语","uLrRYSCU",112
827,0.20535714285714285,"枫野","o2sDLteD",112
828,0.20535714285714285,"渣渣夕","4ybCf133",112
829,0.20535714285714285,"玖儿","UUTnNAwk",112
830,0.20535714285714285,"科大","PB0mWgcR",112
831,0.20535714285714285,"阿珊","J0RD5dr4",784
832,0.2052679382379655,"小笨鸟","b7dxxKoV",6606
833,0.20518867924528303,"Masion","Vkj8Q8h5",848
834,0.20518867924528303,"木辛子","v52PNqk1",848
835,0.20517241379310344,"元喜莲","9vtPGqbW",2320
836,0.20516366989396034,"kay","NTfKo2KP",2169
837,0.205078125,"Imok","R6RRCYJ5",512
838,0.20500271886895052,"相川まりえ","tygfuFxJ",1839
839,0.205,"中島由貴","3MAN9jMV",1200
840,0.20495429076968447,"流沙","TGn1A4rQ",3391
841,0.20491084478222743,"吴三牛","m4hLBbnc",3421
842,0.20490822027134875,"小三元","w1QPqebu",20048
843,0.2048611111111111,"凯旋之愿","wLsDhviv",1440
844,0.2048611111111111,"西月","RqcQRdZZ",288
845,0.20474137931034483,"诸光","J7k2eDUN",928
846,0.20469798657718122,"狂吃狂日","mbDVD5wV",1192
847,0.20465686274509803,"茗芮里","ADNa2ScR",1632
848,0.204645692443399,"尾翼","Pni9WiFR",3401
849,0.20457142857142857,"长崎素世","qHMbewG5",875
850,0.2045580878265703,"佟佟家","it9wrxxA",1799
851,0.20454545454545456,"ofor","1tUHF7ww",88
852,0.20454545454545456,"仁言否","vr2NW9Xk",176
853,0.20454545454545456,"唔C迪C","wRoxAYrd",1056
854,0.20454545454545456,"大米","rZY4hZDe",352
855,0.20454545454545456,"蜘蛛","ov09w9U6",704
856,0.20454545454545456,"走无常","5mGihbyd",528
857,0.20450367647058823,"李风乐","vY5XtmdC",2176
858,0.20448979591836736,"炙易狐","0GNDQ64K",4900
859,0.20448369565217392,"afanty","mWGkMnfZ",1472
860,0.20444930923290833,"CHAGA07","WySi0ZjP",33803
861,0.20444444444444446,"白开心","T00Fxat6",900
862,0.20432692307692307,"Silence","Ggg3EzDe",832
863,0.2043103448275862,"beyond葬送","LUoWy2kY",1160
864,0.2043026532049777,"CHAGA01","ATAaGdpW",34072
865,0.20421274972863554,"CHAGA04","CfQFk9C9",34087
866,0.20416666666666666,"fyiak","n82TkwtA",240
867,0.20416666666666666,"一致连续","WtFJE7rQ",240
868,0.20416666666666666,"塔菲","LNZ9WzRo",480
869,0.20416666666666666,"清风明月","NcL6YDQ7",240
870,0.20416666666666666,"雪华yukivv","gNPPoH3K",240
871,0.20400500625782228,"花君子","ZZmFetei",2397
872,0.20398531725222863,"三十","nPwnGLQC",1907
873,0.20396341463414633,"二","CJ5SSGd0",3280
874,0.20394736842105263,"Darker","Jyq12EVe",304
875,0.20394736842105263,"ninaelle","wcYmmANs",304
876,0.20391010414763383,"樱华","mhMSg3Qg",5473
877,0.2039045553145336,"长风","X1yk82BL",3688
878,0.2038999576091564,"萌新小精灵","FrfZXNJN",2359
879,0.20388349514563106,"萌新小笨鸟","K5amjwDL",927
880,0.2038310412573674,"HyZha","QbHyazpM",2036
881,0.20377604166666666,"真心","eGKx5ZX4",3072
882,0.2037735849056604,"雪梦可可豆","EGpNK57h",1060
883,0.20372596153846154,"ChaosDon","hzUNxdM1",1664
884,0.20370675453047776,"国麻萧寒","0Tnq4yaT",12140
885,0.2037037037037037,"GRandom","sppDKnsW",432
886,0.2037037037037037,"虎鲸","NBwZCK9P",432
887,0.2036637931034483,"相约四季","hia4SDXd",928
888,0.20361635220125787,"章无律","8Nxy9k2G",2544
889,0.20357142857142857,"菠萝吹雪","kVP9jsL5",3360
890,0.20353982300884957,"孤独与saki","YSvCjL4K",113
891,0.203537554473212,"ysrs","vM0qaWcU",3901
892,0.20347313237221495,"星云","DSWyKfxQ",3052
893,0.20340501792114696,"麦麦","ZWHF8KP1",1116
894,0.20334928229665072,"Mo鱼","jXpvHhxJ",3344
895,0.2033132530120482,"维尔斯特拉斯","aWgYqL8H",1328
896,0.20331210191082802,"佰番shooter","NMaPwyJ4",3925
897,0.2033003300330033,"东宫之主","qRKHdJwg",3030
898,0.2032520325203252,"AIplayer","NiYyNB9F",861
899,0.20319506726457398,"闪电云","9SDzgpLS",3568
900,0.20312825860271116,"小老毕","Q0UNJiKy",4795
901,0.203125,"INFP","mNL9CUZo",192
902,0.203125,"cccccc","hxfisa7S",576
903,0.203125,"penguin","whS7ojAK",640
904,0.203125,"冰蓝雨晨","sZTa7ZEw",128
905,0.203125,"外部号","Manr9iga",320
906,0.203125,"天北","m6a6JvjE",64
907,0.203125,"妙也","LG93vVCX",320
908,0.203125,"娄山关","svxAnkwQ",128
909,0.203125,"小小灰灰","MNQYePmF",128
910,0.203125,"川和桜子","BKGci5tM",192
911,0.203125,"彪哥","HHT0oqFC",64
912,0.203125,"成歩堂龍1","TWvfP6Eo",64
913,0.203125,"戮默","okSCAqT9",128
914,0.203125,"摇摇猪","L89sKzeD",192
915,0.203125,"柒分","hCgqANjX",256
916,0.203125,"疯帽子","DNkHEE6G",128
917,0.203125,"碰碰胡幺九刻","3DZhkiuM",64
918,0.203125,"类星体","WtJKr1kJ",192
919,0.203125,"羡鱼","oa4XMMHT",192
920,0.203125,"臭象","t3xuN2Vu",128
921,0.203125,"虹咲小猫咪","mA673hJa",64
922,0.203125,"遠坂見月","tJKMZGA7",64
923,0.203125,"飞龙在天","vcNbzWqA",64
924,0.2030888030888031,"冰雪羊之角","5L15Ae49",2590
925,0.20308731307284128,"着相","1YzCThjc",4146
926,0.20293398533007334,"GBAWA","6GL3KkZB",409
927,0.20291411042944785,"猫头鹰","c95crgvL",6520
928,0.20284275984601718,"嗯好可以行","KXcTcskS",3377
929,0.2028301886792453,"crp233","NVCZy4dA",848
930,0.20280612244897958,"彤轩","Shiq18GK",784
931,0.20268361581920905,"sdmt","XZE4kPHS",1416
932,0.20260416666666667,"pluto","YKLR5T9f",1920
933,0.20255474452554745,"方片杰克","bHBx5LYN",548
934,0.20253164556962025,"Duke","veDVLj6P",1264
935,0.20252025202520252,"多来雀庄","8pBN9EaN",2222
936,0.2025,"Albus","cvt9FEou",800
937,0.2025,"玖月玖","uNnBtyK4",400
938,0.2025,"衔蝉幽客","W75zJtzi",400
939,0.2024793388429752,"自摸8001600","cdNyVcmE",1210
940,0.20245726495726496,"云栖花间","ifF6EEZq",1872
941,0.20240585774058578,"萌新大肥猫","F59AGMuH",1912
942,0.20238095238095238,"Hinson","8i3nrJ3J",1344
943,0.20238095238095238,"Jencese2号","s2Rm14bR",336
944,0.20238095238095238,"Nowherecsb","dB7PUNav",336
945,0.20238095238095238,"爪哇龟","HqBUWNbz",336
946,0.20223176990094283,"CHAGA02","NpduDFKF",33516
947,0.20222929936305734,"四错和散了","Vkg6oEeW",628
948,0.2022099447513812,"N519","sRRkTtnt",905
949,0.2021816813992853,"青椒牛肚炒饭","ggHEBU5F",5317
950,0.2021786927843294,"周平","NVFbZxLe",10006
951,0.20212765957446807,"抹茶味纯子","g2zbXugX",752
952,0.20211394689352927,"十八线玩家","0zjkWGY3",3879
953,0.20208333333333334,"zyl","Q21b64CA",480
954,0.20202020202020202,"喵喵大笨蛋","vz4bhXyC",1584
955,0.20197621838887958,"国标小渣渣","TezQaG7U",5971
956,0.20194309507286606,"落英","xVAcRWdV",2882
957,0.20192307692307693,"myy","VtmMbW5o",416
958,0.20192307692307693,"海伯利安","5xNvcy00",1768
959,0.2018348623853211,"滚烫小豆浆","gcHTFDr2",1962
960,0.2017220172201722,"柒柒","V2McHwbu",813
961,0.20170616113744075,"四喜","2oM4SxsV",5275
962,0.20170454545454544,"SunnyWong","rD1Apwd6",352
963,0.20168067226890757,"Iconoclastic","gdmACHQh",714
964,0.20168067226890757,"UsamiRenko","S9iCjX25",119
965,0.2016509433962264,"二d","pj5yU30A",848
966,0.2016509433962264,"阿楠","JjcCJixs",848
967,0.2016304347826087,"地狱火的挽歌","pnx9Pmhp",1840
968,0.20160837853001684,"八九胡十万","eCouy647",5347
969,0.2015532544378698,"铃声末响","mGrr7Nzc",2704
970,0.20149253731343283,"伯约2","8rPe6UnP",1072
971,0.20149253731343283,"作业","RBpUQbyU",536
972,0.20148026315789475,"yyyyy","6jAT1XvJ",1216
973,0.2014519056261343,"白夜撞鬼","akXagQ3r",551
974,0.20141342756183744,"弃月","VzqwgF2c",283
975,0.20139697322467986,"酱油蛙","xB4mPrSb",4295
976,0.2013888888888889,"Aspartic11","VVqXCfi5",144
977,0.2013888888888889,"gris","ZEqyu21T",1008
978,0.2013888888888889,"初芝雪音","eCrvBJNm",288
979,0.2013888888888889,"工藤新一","Dmed0z43",288
980,0.2013888888888889,"老馋馋","G70pBvRK",144
981,0.2013793103448276,"帆夜","VgP2hVju",725
982,0.20134228187919462,"YOLO","hPqgYbDu",2384
983,0.20121739130434782,"小柚子","sDcV9RNf",5750
984,0.20108695652173914,"伊尔","tqixYAX2",368
985,0.20108695652173914,"麦克风亚泽","F0JpT187",368
986,0.20104166666666667,"僮九","mwCUX7LE",960
987,0.20102714600146734,"Lemontruth","ebTd9Zog",1363
988,0.20096582466567608,"阿月","8ExEaTK6",5384
989,0.20094086021505375,"八九边7","PKpoN6UZ",1488
990,0.20092138504978452,"赤木茂","e609HWnY",6729
991,0.20089285714285715,"TTz","FWnxpnLM",224
992,0.20089285714285715,"单机北北","hECZjKAL",224
993,0.20089285714285715,"海葉","bM1zRd23",224
994,0.20080645161290323,"加勒比海带","wfTKrK2u",1240
995,0.2007057785619762,"希岸子","9cee5UkN",4534
996,0.20070546737213404,"东西喵","NTiMPvBY",2835
997,0.20070334086912836,"北风萧霄","HBrCndM6",7962
998,0.20069095477386933,"嘻嘻哈哈","uJAM8yXA",3184
999,0.20065789473684212,"丝瓜","KqZekHHq",304
1000,0.20065789473684212,"牛黑奶白","E4kVRKqC",1520
1001,0.2005813953488372,"威震逍遥津","WYKLY0wG",1376
1002,0.20054945054945056,"阿彰不凑番","U59nxtoR",1456
1003,0.20052083333333334,"WLSTALIN","4QTVVt1U",384
1004,0.20052083333333334,"Weldony","9QjkjzCd",768
1005,0.20043103448275862,"L香味","xMQXpD2u",464
1006,0.20043103448275862,"RBsq","FUu2rgkx",464
1007,0.20033564086427522,"枭风雀庄","32C6J1o3",4767
1008,0.2002952755905512,"方方","a0iprZGR",2032
1009,0.20026881720430106,"菲洛菲洛菲","rXcGyKx5",744
1010,0.20024271844660194,"卡小雷","7NNRX0XL",824
1011,0.2002164502164502,"休息1下玩1会","Uenn5pAV",1848
1012,0.20021186440677965,"蜜橘","BLprt7tn",3776
1013,0.20012974375608175,"伯约","X64Ye2QZ",3083
1014,0.2,"ExplodedCT","C2feRPY9",240
1015,0.2,"Peter","j2omCvWb",80
1016,0.2,"huaji","vx4KWiZ4",80
1017,0.2,"rapid","QV56m24D",80
1018,0.2,"silence","nCaApejw",40
1019,0.2,"云糜","6EUpCC22",160
1020,0.2,"刘十六","WFrzZQfb",80
1021,0.2,"初冬666","J5uVo2hK",400
1022,0.2,"喜欢和小三元","bT6wfNBb",160
1023,0.2,"寳儿丶少爷","T65DBL2e",320
1024,0.2,"小小小小秋","RHr3G8Sy",105
1025,0.2,"我来截个和","0jZdGZmH",160
1026,0.2,"无有之间","hiph1WBt",80
1027,0.2,"日麻是什么","irPAvj8g",240
1028,0.2,"橙","7SfVck8b",80
1029,0.2,"浅","XbuNT7Jq",160
1030,0.2,"琉璃","S9fB7czW",240
1031,0.2,"璃月雾社","HVHmU4vJ",605
1032,0.2,"眠灯入门","KvuJBRgA",120
1033,0.2,"祖向格","ujhjiGz0",160
1034,0.2,"绝寂","4xTNRafX",160
1035,0.2,"自摸全求人","KU8T6JUk",340
1036,0.2,"落青","CQ5Wx1ZF",160
1037,0.2,"葫芦丶娃","JqmHDmLu",960
1038,0.2,"闲月","0bVuU6CF",80
1039,0.2,"阿瑟！","ejULjqnT",80
1040,0.2,"黄腾","E8og7UQ4",80
1041,0.199864956110736,"Krtecek","gjmEi2eJ",1481
1042,0.19986263736263737,"Eric","jJ1v3WkD",2912
1043,0.1998546511627907,"hong","7wCrgqA3",2752
1044,0.19982547993019198,"圣文神武","00gJBpGq",1146
1045,0.1998001998001998,"mika","hZFkescW",4004
1046,0.19979224376731303,"麻哥","29ADr5se",2888
1047,0.1997834325933947,"Weldon","g2wZw0dx",11082
1048,0.19977678571428573,"后门概念神","MeFt3yXX",1792
1049,0.19975609756097562,"和平","ZYD1UrLw",4100
1050,0.19974226804123713,"喵可莉","eog9hEua",1552
1051,0.19969512195121952,"缥缈qwq","a0foEgYx",656
1052,0.19967532467532467,"吴下阿濛","A6F2TJZs",1232
1053,0.1996370235934664,"病娇灰姑娘","GQ8yP8C2",1653
1054,0.1996124031007752,"悲秋客","iGi8oDap",516
1055,0.19959677419354838,"小E","rwKhhwEy",496
1056,0.19959677419354838,"恐怖福瑞","g1TqbGp8",992
1057,0.19940476190476192,"夜幕遮星","cZrwNAUi",336
1058,0.19938176197836166,"翎刻","QcuCzD6g",1294
1059,0.19937332139659802,"张张进张","5jR4n2J1",11170
1060,0.19936767714338852,"浪漫","dgwVN68T",5377
1061,0.19932432432432431,"zerong","hf63veya",3552
1062,0.199281280627246,"歌彫","wq6ByeUU",3061
1063,0.19921875,"Jk酱","W93FGX6x",768
1064,0.19921875,"zacian","ujkmKAsu",256
1065,0.19921875,"大王八","17PpgCRv",1536
1066,0.19921875,"崽崽子哟","uGecb2E2",256
1067,0.19921875,"枰","GtkLNGSG",256
1068,0.19921875,"根派","vnZMzagL",256
1069,0.19921875,"格喵不是巫师","DC4d96s6",256
1070,0.1992,"不知苦","gqxDmsqy",1250
1071,0.19919354838709677,"lusika","mskbTdYM",2480
1072,0.19917582417582416,"萌新白羽","xPMomrJp",728
1073,0.1991725768321513,"PetrCech","0qfhyQGi",1692
1074,0.19910714285714284,"Schubert","TSdbHMvu",1120
1075,0.19910714285714284,"当红辣子君","iNr7dseF",4480
1076,0.19910558040054444,"陈楠","P1VozZv7",5143
1077,0.19901719901719903,"追影","byorfXw2",1628
1078,0.19901373723141952,"灰色天空","p0jSMro3",2839
1079,0.1989795918367347,"Parousia","v3S7buYL",784
1080,0.19897772909821101,"真随机","BR9xamFF",2739
1081,0.19897342995169082,"张丹丹","fEboMQ9F",3312
1082,0.1989409984871407,"艳阳天","U3e3PxWH",1322
1083,0.19886363636363635,"LapisYang","ncDpeKqP",880
1084,0.19886363636363635,"Richard71705","5sJfi9zx",176
1085,0.19886363636363635,"下张自摸真君","cFridtMX",176
1086,0.19886363636363635,"小犬卡西","3phHzVei",704
1087,0.19886363636363635,"渣宝","vvbbAy6o",176
1088,0.19886363636363635,"超级同花顺","0tYnq8WM",176
1089,0.19886363636363635,"超级无敌粉毛","SyUW0xs2",352
1090,0.1987878787878788,"Reisen","dD6BRobQ",825
1091,0.19878373242113265,"老蒋专点13幺","4nDdb0pM",2631
1092,0.19872537659327927,"卖间久里代","nW2qaV31",1726
1093,0.1987179487179487,"kjd","CRZDu5Gb",624
1094,0.19869402985074627,"diaryw","W5aEkxYu",1072
1095,0.19866071428571427,"萌新大黄蜂","WaDatk0w",448
1096,0.19864864864864865,"Panda棒哒","ZaH24Zmv",2960
1097,0.19863597612958228,"吸烟酱","rdq7QcQK",1173
1098,0.19863505747126436,"青花鱼尾","SbguPFEY",2784
1099,0.1985759493670886,"永清","dzJXxweM",2528
1100,0.19854721549636803,"飞刀","Pk0CM71e",2478
1101,0.19852941176470587,"M81","Ep9y4o32",136
1102,0.19852941176470587,"guanzhu","ohqbyg3U",544
1103,0.19852941176470587,"竹井久","MLwqhLLG",272
1104,0.1984732824427481,"Anna","3aoEXYs0",3144
1105,0.1984375,"摇摇奶昔","bNy7wAq9",640
1106,0.1983695652173913,"AlCu2764","jD8Z0yYU",1104
1107,0.1983695652173913,"kabidesu","8SiX3Pzw",368
1108,0.1982290774064553,"卡卡","knXfhQvh",3501
1109,0.19821826280623608,"不断樱花","9N4oobar",449
1110,0.19817624947793402,"修改昵称","VTAaGGnx",14366
1111,0.1981382978723404,"葡萄汁","jvkkgXSx",752
1112,0.19809203142536475,"千千晚星","Hh7jKBrE",3564
1113,0.19801980198019803,"火老弟","Ep9zTUmy",2929
1114,0.19796954314720813,"一1四五14","SWFcv3hw",2561
1115,0.19796954314720813,"雀蛏","Tut1mjWm",394
1116,0.19791666666666666,"Minato","0z0x4TJ5",96
1117,0.19791666666666666,"Vorak","Ad3HYpVp",288
1118,0.19791666666666666,"awei","6Sm4tSed",96
1119,0.19791666666666666,"mousuan","pQMby7kU",288
1120,0.19791666666666666,"ohmymy","tvDmT4zT",96
1121,0.19791666666666666,"supmary","KN6rbnEx",96
1122,0.19791666666666666,"太常淡省","Y4Sotzch",96
1123,0.19791666666666666,"廃棄物","WcwZS1gH",96
1124,0.19791666666666666,"愿樱落时见你","MnCUDJEk",192
1125,0.19791666666666666,"河提","QGDHkAyK",192
1126,0.19791666666666666,"無番和自摸","rTWVr1bU",96
1127,0.19791666666666666,"破灭之魂","tNs4czTv",96
1128,0.19791666666666666,"秋秋","iMGMU2JY",96
1129,0.19791666666666666,"萌新11","WprSnXWP",384
1130,0.19786729857819904,"在摸鱼中","SrCi4GGJ",844
1131,0.19784172661870503,"依万苏","T3UGU9S9",7506
1132,0.1977135171486214,"紫电改二","tSP5Mm3F",1487
1133,0.19763513513513514,"全求人","v1WMFNaR",3552
1134,0.19760479041916168,"KaneSHEN","VeYAiyuF",1837
1135,0.1975,"電腦","cpkYZd8c",400
1136,0.19742489270386265,"番茄不能炒蛋","mfTZ5eQX",699
1137,0.19736842105263158,"红叶","c6MWrL4X",152
1138,0.1973529411764706,"放浪雀士","varsRaY2",3400
1139,0.19734432234432234,"余歌","PPEnGmrM",2184
1140,0.19734299516908213,"秋季","MNTaFGdQ",16560
1141,0.19730392156862744,"梅梅梅梅","5PV5hCdC",1632
1142,0.19722901385493072,"新手二段里仑","GqNMgooQ",1227
1143,0.19722222222222222,"弗兰基","8zQP4TDV",1440
1144,0.19722222222222222,"潇飒","7W5Vv6P0",1080
1145,0.19720873786407767,"WindHunter","k65YUadW",1648
1146,0.19719251336898397,"晴天","44avAyBg",2992
1147,0.197136563876652,"二策","D2WfPnr9",908
1148,0.1971270718232044,"萌新大白獭","VqDyhii1",4525
1149,0.1971153846153846,"Feira","XLEhufrt",208
1150,0.1971153846153846,"alaya23","gaHB4QjF",4368
1151,0.1971153846153846,"xxx","d3vNSdXi",416
1152,0.1971153846153846,"琪露诺不是九","GUpBWMrQ",416
1153,0.19705882352941176,"番多多","qq8LfJFg",2040
1154,0.1970074812967581,"龙lwf","DaL3AAFw",5213
1155,0.19698009608785175,"爱の火车票","fPQrrqem",1457
1156,0.19696969696969696,"zerozeng","Fh6aPMrr",4224
1157,0.19696969696969696,"八云紫幽幽子","Qiw8c5zn",528
1158,0.19693396226415094,"Ace","fMTauCgC",1696
1159,0.1968964640040702,"灯波月华","7bFk8wuV",3931
1160,0.196875,"元原园神","DaH1ZHPn",2560
1161,0.196875,"克兰娜德","xTbrFhUC",320
1162,0.19686800894854586,"北北","ktq0z0GB",447
1163,0.19686069326357097,"叮叮","hLMg21yC",1529
1164,0.19681978798586572,"张磊","HFSjd0zk",2830
1165,0.19681834998150202,"青緺","gwi2CMJn",5406
1166,0.19678714859437751,"凌叶","Uk2ZwHpw",498
1167,0.19675925925925927,"INTP","fbdPPWkf",432
1168,0.1967503692762186,"萌新大脸橘","sA8UdsQK",3385
1169,0.19669117647058823,"sanse","ePzzsoEy",544
1170,0.19664634146341464,"渋勍","9wZBVTzc",656
1171,0.19662309368191722,"台风","qkrGZZM4",1836
1172,0.19655797101449277,"花袭人","297CEBq4",1104
1173,0.19651162790697674,"量子限域","WcZP1sXh",1720
1174,0.19650238473767886,"贰山山","BBJvjhKh",3145
1175,0.19647277227722773,"越","kHAdCBEB",3232
1176,0.19642857142857142,"Alismatika","M13raQHg",784
1177,0.19642857142857142,"AmaneCh","skX7rM5H",504
1178,0.19642857142857142,"Shawn","XfRQaZJ0",112
1179,0.19642857142857142,"kima","TLC1TTGE",4928
1180,0.19642857142857142,"miracle","QGAG8Gvk",168
1181,0.19642857142857142,"yz","A02C12Yf",112
1182,0.19642857142857142,"咕咕咕1","coCJPaqq",112
1183,0.19642857142857142,"多情龙井","oBekbCCM",112
1184,0.19642857142857142,"青雀","YPSDbSwr",784
1185,0.1962890625,"hrb","Faz05SWC",2048
1186,0.1962809917355372,"水色如烟","KbmeW6ER",3388
1187,0.19618055555555555,"吾愿汝","NDpHwyPq",576
1188,0.19614361702127658,"燚飞扬","n297tGMb",1504
1189,0.19613259668508287,"不会玩的萌新","atZnV5ch",724
1190,0.19610778443113772,"Tiger","QizACyrw",2672
1191,0.19607843137254902,"rurukonod","NxJk4uQF",816
1192,0.19602272727272727,"蓝天skyhuner","aNK9tXMC",1056
1193,0.19602272727272727,"钙热","acvsW0Z8",352
1194,0.19592476489028213,"leverid","CbwGcGN2",638
1195,0.19591346153846154,"昏睡猫投降喵","30EqLPfp",832
1196,0.1958685913389746,"Jux","vD06jvsw",8036
1197,0.19584,"xiong","hgyofHKx",3125
1198,0.19578313253012047,"仰望星空派","UxLMcKk4",1328
1199,0.19576719576719576,"念天地之悠悠","n6VDauaP",3024
1200,0.1957547169811321,"山前没相见","HVLmhG3X",2968
1201,0.19571567672833495,"盛年莫当","cKH65G8m",4108
1202,0.1957092819614711,"蚀叁夭","rbxNfy9t",4568
1203,0.19569672131147542,"北宸星落","5rBwZ7oL",976
1204,0.19569323762750282,"一田","wuMPJFgw",2647
1205,0.1956521739130435,"pzhyjz","PKmmmCaf",368
1206,0.19563875745731332,"只打八万","c7YNgemE",4861
1207,0.19561731694281134,"冰印神座","PWCAjFQj",1871
1208,0.19557195571955718,"彩色塑料星","t7NufPkJ",813
1209,0.1955044432828019,"封兽鵺","B1n3oSju",1913
1210,0.1954225352112676,"HZ","KsYShhRF",1136
1211,0.19538670284938942,"StevenCai","gPy9y6Cc",737
1212,0.19536423841059603,"只胡小天凤","tUkP6xyC",604
1213,0.1953580901856764,"韦一笑","UGz3GLFE",7540
1214,0.1953125,"NotANumber","YdHFSWsQ",384
1215,0.1953125,"linkenwu","JvJ0HTvJ",128
1216,0.1953125,"天使的浦","bnLDNkdw",768
1217,0.1953125,"欧鳇要下头","HdKyGnCY",128
1218,0.1953125,"福娃二妹","WPphvUvS",640
1219,0.19529293940911366,"猫猫今天吃啥","qaWUmWTs",3994
1220,0.19523809523809524,"Jvruo","LzZcda1B",2100
1221,0.19522776572668113,"小龙女","7WK1gK48",7376
1222,0.19521351478179258,"Szdzs","2psp0uJJ",2131
1223,0.1951530612244898,"星月9996","v3V9Coav",1568
1224,0.1951219512195122,"紫翅","gCtTerVE",656
1225,0.19508196721311474,"好不容易找来","V9uY7rcz",1220
1226,0.19507575757575757,"Pluis","136jBmeh",528
1227,0.19503012048192772,"YOUGA","QFvdAKFx",1328
1228,0.195,"丛雨","DeRrgAV9",400
1229,0.195,"苹果派","dxNmcQEQ",400
1230,0.1949404761904762,"深的蓝","27czg3Zs",1344
1231,0.19491525423728814,"风的思绪","CBuUm8bJ",944
1232,0.1948529411764706,"天门","tseithvz",1088
1233,0.1948529411764706,"杜陵路","PKScxx2c",272
1234,0.1948529411764706,"青岛浪速小梁","TUcPEmTc",272
1235,0.1948006932409012,"frankie21","9i0ntQfx",2885
1236,0.19476744186046513,"KNK","t5T6wAm6",688
1237,0.19473387778090678,"陌猪猪","Dsqc4prR",7102
1238,0.19467213114754098,"破破","Xi4zMw7L",976
1239,0.19463526333006215,"yulearning","6upEn4QR",3057
1240,0.19461697722567287,"浮光","MzMz95Sk",6762
1241,0.19458646616541353,"蛋黄派","A4KG6n9v",9975
1242,0.1945754716981132,"月挽星回","PYs7feKs",848
1243,0.19455252918287938,"王洋","4u3Wyyjo",3341
1244,0.19444444444444445,"brilliant","4Y0oUozg",36
1245,0.19444444444444445,"nima","tfEuNbZS",144
1246,0.19444444444444445,"不爱飞的雕","5phizyWP",288
1247,0.19444444444444445,"冰梦","7NKPv6dS",36
1248,0.19444444444444445,"小天","QMSwjvto",144
1249,0.19444444444444445,"老张","j0w05bie",288
1250,0.19444444444444445,"阿良","VgS4JNc3",1692
1251,0.19438444924406048,"过油肉拉面","MYnZyuR7",1389
1252,0.19429347826086957,"Ch1ak1","NtnhxSY1",736
1253,0.19428571428571428,"gggmouseee","gEQCCnnN",350
1254,0.19424460431654678,"哆啦a","nhDZiqqF",1112
1255,0.1940928270042194,"sfsniper","2h8xw2kz",948
1256,0.19407894736842105,"金大爸","9hxmGWdN",2128
1257,0.19407894736842105,"黑道代打つ","WF5AuNDv",304
1258,0.19406674907292953,"handsomeboy","YC1bXsXM",809
1259,0.19402985074626866,"宽心","BHPsyTff",469
1260,0.19402985074626866,"欧宸羽","4bXqcFrv",1608
1261,0.194,"空白","stXspKpk",2000
1262,0.19397559075564788,"lagrange1013","VPkZyvYY",3851
1263,0.19393382352941177,"绿豆龙","ogHPBKdJ",1088
1264,0.19387755102040816,"玖柒、97","24v2WTvo",1568
1265,0.19387216059165346,"Encyclopedia","F0FpDopU",5679
1266,0.19375,"YC大人","MjS8gUkC",320
1267,0.19375,"lingtong","tQQHQKkQ",640
1268,0.19375,"打雀青年","Fn9jDnhj",320
1269,0.19375,"雾雾子","PBnaAj36",320
1270,0.19370078740157481,"Chaojisamoye","Xzs5c5KM",635
1271,0.19367088607594937,"鬼手大师兄","bnZmXeJc",3160
1272,0.19360116342483186,"襄下樊人","qX2Vddw6",5501
1273,0.19355867346938777,"benzene","6N8tN6kU",3136
1274,0.1935483870967742,"许清扬","RZHKWRNV",2480
1275,0.19353070175438597,"轻轻的飘","FUx4Taer",1824
1276,0.19345238095238096,"gbnewbie","nLF0Hcz4",672
1277,0.19345238095238096,"滑稽是内鬼","AncFJ8DQ",336
1278,0.19344473007712082,"江海寄余生","eXAZ3pJM",1556
1279,0.19338074398249452,"低级泰坦","57uYq2fM",3656
1280,0.1933611884865367,"Buffon","RDHBMeMi",4308
1281,0.19324931189337968,"laitedao","bQWN6CzF",6903
1282,0.19323217402981066,"雨萌小小酱","wXv1sNUz",7447
1283,0.19318181818181818,"中島めいし","DpNj1KcW",176
1284,0.19318181818181818,"小林","FMi9H0ar",88
1285,0.19318181818181818,"桜坂逢里","gW37BsYa",352
1286,0.19315589353612167,"渼酒","ZiPnUvnp",1315
1287,0.19313063063063063,"哎呦我去","KGGZig26",1776
1288,0.19308943089430894,"海风","DjirfSWR",492
1289,0.19306930693069307,"MINT","qRNKECzF",808
1290,0.19306930693069307,"烦了就打男人","nJjFjgYF",1414
1291,0.19301470588235295,"qsw2025","b52QmscS",544
1292,0.19293478260869565,"banz","kkgkxXew",368
1293,0.19293478260869565,"yayoi","hsJbTLD9",736
1294,0.1928794992175274,"正确每一打","TCBGVVGA",2556
1295,0.192756441419543,"一只柠檬","Zi68HmQ5",4114
1296,0.19270833333333334,"玖骍","i79CRb97",192
1297,0.19270833333333334,"蓝十","Q40mCVik",1536
1298,0.19270833333333334,"超硬大七星","xCg0o6W3",192
1299,0.19270279844137442,"茅老道","kFAM1LVx",5646
1300,0.1926935743279467,"喵爹真不是咪","bJoBUb9o",13057
1301,0.19268134715025906,"lakeside","VxvAKiUz",3088
1302,0.19261006289308177,"小孙看电视","U0uynGxN",2544
1303,0.1926056338028169,"lidai","qd8YwnsG",2840
1304,0.19254658385093168,"小能摊手","vvGSNiJ8",161
1305,0.19249394673123488,"自摸七对","d9aAh1ii",1652
1306,0.1924812030075188,"亲亲要乐奈","taKgX4SN",665
1307,0.19245911568746216,"往事随风","AsDUCA8r",6604
1308,0.1924342105263158,"Tetriseffect","YsjYrhCV",1216
1309,0.19240196078431374,"sss","ab1d9GUU",816
1310,0.19230769230769232,"PtF6","gUUM22Cs",52
1311,0.19230769230769232,"笔锋微凉","Boczxvd9",624
1312,0.1921928327645051,"LuckyTree","bivEU4P4",4688
1313,0.19212962962962962,"八番就好","iBmPwvcE",864
1314,0.19209558823529413,"大可乐","X80h8a2E",1088
1315,0.19205729166666666,"Tibochapo","jfvA5xxZ",1536
1316,0.19204545454545455,"cidocron","AjBGPUHe",2640
1317,0.19201807228915663,"投影机","YRSVnGVf",1328
1318,0.19201725997842503,"陈光耀cgy","2c0amVmu",927
1319,0.19196900317013033,"duncan21","ciyFujEQ",2839
1320,0.19196428571428573,"真名不好取","jhRueu61",224
1321,0.1919398907103825,"zdd","oSSMLFhk",1464
1322,0.1919346605410924,"连六","cfJjr8sq",5877
1323,0.19188596491228072,"xkfy","RHr1tSsi",912
1324,0.19178260304251724,"小玖","WeQGP3vr",7691
1325,0.19166666666666668,"小柒zZ","TewNyPFK",240
1326,0.19166666666666668,"明薪99","hJmRdoft",480
1327,0.19166666666666668,"自然醒","nzSD3X6T",240
1328,0.19166666666666668,"阿寒","ULNuiwbF",240
1329,0.19160104986876642,"捌萬","f0V1U0G3",381
1330,0.1915137614678899,"婆罗摩笈多","Y2TfADoJ",1744
1331,0.19148936170212766,"梦幻情怀","9jK7y098",705
1332,0.1913716814159292,"豆子鸽","a44hiyDX",904
1333,0.19125964010282775,"miaomiao","RzRSH3j3",1945
1334,0.1912162162162162,"立花明明子","GS6Cy4th",5920
1335,0.19117647058823528,"Sin是我的神","0NY2EUw1",68
1336,0.19117647058823528,"Triste","Fg1mmqpF",272
1337,0.19117647058823528,"何文文大人","V2Jah3tR",68
1338,0.19117647058823528,"浅葱狐冢","xMMXb0jF",544
1339,0.19111111111111112,"凉风","uE2fsrLB",225
1340,0.19107142857142856,"bdbw99","GkAxvMvR",1680
1341,0.19103773584905662,"Restist","mA35SoQg",848
1342,0.1909722222222222,"妙手捞月","19Q4UKg5",576
1343,0.1909722222222222,"逃课的安","pqGxXtBq",576
1344,0.19090909090909092,"还在流浪","DjmtGLZ0",880
1345,0.19084967320261437,"农园蒸粥","HXJ2euAm",1530
1346,0.19081272084805653,"易北北","qbEHCMTy",4811
1347,0.19078947368421054,"James","Gn5Deo1N",304
1348,0.19078947368421054,"青龙吟秋水","uaBoZrZb",912
1349,0.19067296340023612,"云出无心","GHHbmkzt",3388
1350,0.190625,"二狗狗不狗","gHnZ3HQ6",960
1351,0.19055509527754763,"paidax","3zZfVMvZ",1207
1352,0.19047619047619047,"宫村宫子","8gWXHbC1",336
1353,0.19047619047619047,"暗刻来了","Y8ecrPb8",3024
1354,0.19047619047619047,"樱淳宝贝子","53cUjHkk",336
1355,0.19047619047619047,"盈峰环境小彭","CN8EzPah",336
1356,0.19047619047619047,"祁连祈知","Xgx98Vjp",336
1357,0.1903409090909091,"founded","MSymKCBd",352
1358,0.1902834008097166,"萧何","DJZEyaX8",494
1359,0.1902497027348395,"WR","FyvanKgD",2523
1360,0.19021739130434784,"xixi","ah3Yn8vY",184
1361,0.19021310181531176,"霸霸","4yeEFtvC",5068
1362,0.19017094017094016,"游侠小卢","XJSr9M2X",1872
1363,0.19012152097216778,"林嘿嘿3号","Vj9NEJMN",7653
1364,0.19010416666666666,"杠开三条","GLiy5nYL",384
1365,0.19010416666666666,"送分达人","PFFahHJo",384
1366,0.19005847953216373,"WAduck","HPUwRiGz",1368
1367,0.1900252525252525,"蛋黄派派","YfHWEeqy",1584
1368,0.19,"天地不照","D1NqAN3L",600
1369,0.18996798292422626,"君应有语","S0uAcnhY",937
1370,0.18990384615384615,"荆芥特好吃","T9WDUiTU",416
1371,0.18983957219251338,"amyhu","cPUv2g7C",748
1372,0.18983050847457628,"花开岁月","XAjmmEb9",295
1373,0.18981481481481483,"天","j8tiSgFr",432
1374,0.1897810218978102,"geruome","DGxzBfVt",4247
1375,0.18977272727272726,"TT55","Nf7y4pK8",880
1376,0.189708480565371,"未济","Yn1n25uB",4528
1377,0.18969298245614036,"国家二级废物","hisidP42",912
1378,0.1896551724137931,"相碰狮子","oJRcNHQK",116
1379,0.18963068181818182,"AGAHC","0ofQPtQF",1408
1380,0.18962632459564974,"日月星辰帅哥","1aXU1SM2",1793
1381,0.18956254796623176,"pcx1078","UaVi03Np",1303
1382,0.18953488372093022,"岚兰","o5Tnv2QX",3440
1383,0.18945538818076477,"茗清流","ECFZAydz",3452
1384,0.189453125,"沧九","7snsn9ww",512
1385,0.1893939393939394,"晨三","RqcP2wqd",792
1386,0.1891891891891892,"凑友顺那","sZTbWEqB",592
1387,0.1891891891891892,"姬攻千歌音","wKj1KUgd",592
1388,0.18917103318554346,"麻将小白","n299Fxwr",7443
1389,0.18914473684210525,"WE1RC","wXy3UFM8",608
1390,0.18909899888765294,"打九万来九万","sXTKKQEd",1798
1391,0.18908382066276802,"海狼李林","diXjmLJr",4104
1392,0.1890625,"W凌焱","fJ4qFg1x",640
1393,0.1890625,"加油各位","gnUDFJGv",1280
1394,0.1890547263681592,"工口","dkTW6sio",804
1395,0.18902439024390244,"tmry","RQ20xH4N",656
1396,0.18902439024390244,"三饼发牌姬","UBM7o3Mx",328
1397,0.18902439024390244,"榕一","nG09jLH9",656
1398,0.18900804289544235,"平宫杏奈","QTaspBC1",746
1399,0.18895348837209303,"随机性2025","3vmrgYGt",344
1400,0.18893678160919541,"这牌听啥啊","rTTUE7ha",1392
1401,0.18890449438202248,"Inf","tWg9TVN9",2848
1402,0.18888888888888888,"心悦","q3bpxD15",1440
1403,0.18882407123119435,"天使的秤","fzTao7oq",6514
1404,0.18880597014925374,"就想摸摸鱼","EvK4NW8F",1340
1405,0.18878600823045266,"kk","PQkNFG8Y",1944
1406,0.18874560375146543,"小熊摊手","xWvTxdsb",853
1407,0.1885593220338983,"saltydog","HoFi9re4",1888
1408,0.18839285714285714,"菜籽的菜","5rEyA0Wp",3360
1409,0.18833780160857908,"homasWSC","2VsbvriT",1492
1410,0.1882183908045977,"pecuria","45fioVgJ",696
1411,0.18820224719101122,"举个栗子","g5eYUHbf",3204
1412,0.18815104166666666,"有路口","N0sD5w1b",1536
1413,0.18814432989690721,"林嘿嘿2号","iFBQEH90",1552
1414,0.18812095032397408,"Bob","0sBSXLiX",4630
1415,0.187984496124031,"张进步","sPtWHrdn",2064
1416,0.1876458969294308,"门清一摸五","qs2cPjWJ",5569
1417,0.18755256518082422,"陈佳豪","jxKWrMnf",1189
1418,0.1875268817204301,"东方雁","q8ba1j0x",2325
1419,0.1875,"AvaMax","nxUx5tzD",368
1420,0.1875,"C8H16O2","YbmVVtrL",16
1421,0.1875,"Chauvet","E0QR6PBf",144
1422,0.1875,"Clay斯托瑟","3GtJ3zSt",80
1423,0.1875,"EndlesS","GB9eJp6Q",112
1424,0.1875,"Esx","8M5DR5nq",80
1425,0.1875,"Flygon","CXhCjiu0",16
1426,0.1875,"ForThePoints","gLS7qfDS",16
1427,0.1875,"Frank","7wFtHjCd",240
1428,0.1875,"Freezle","42zfnisc",192
1429,0.1875,"Harryjin","AzrHSvmz",16
1430,0.1875,"Heisenberg","H8NCG3Vh",16
1431,0.1875,"Helen","0dNeCjQx",208
1432,0.1875,"Imple","xDkpQdYe",752
1433,0.1875,"Jackie","k3QU56xC",192
1434,0.1875,"Koucha","90xbroVz",720
1435,0.1875,"Kuma","ZpB5XWZd",976
1436,0.1875,"Marygold1","pj5zrjaR",576
1437,0.1875,"MasterSun","Kxq4Xxnm",16
1438,0.1875,"Melacau","HhAkw5tp",80
1439,0.1875,"Melody","kpXvVZLH",128
1440,0.1875,"Mercy","4sTGaktW",160
1441,0.1875,"MrLiu","qtZLxfoS",80
1442,0.1875,"Nagaiyume","ZAJFqHzG",80
1443,0.1875,"Nff","bWXva3tV",496
1444,0.1875,"Norn","sc4WqjZ4",48
1445,0.1875,"PKU","fKtpjNLV",16
1446,0.1875,"Quandaiwu42","2SPcnz21",208
1447,0.1875,"Rain","Mfy89vms",128
1448,0.1875,"Rainudenya","Fkay3yYS",16
1449,0.1875,"Rickie","F78K077y",16
1450,0.1875,"SCM7716","V51B5JRE",304
1451,0.1875,"Sky","M2zcvwrJ",32
1452,0.1875,"TMT","RZHJ7jeZ",16
1453,0.1875,"TangSan","57rXD9wt",16
1454,0.1875,"TinkerBell","VDGWpL8v",16
1455,0.1875,"YU清清","gvBHeQjH",16
1456,0.1875,"Yawncat","jBcpT26f",48
1457,0.1875,"bangdoll","17PoHWrf",160
1458,0.1875,"chopper","rZY3JsVi",16
1459,0.1875,"emo","FtFovdD9",608
1460,0.1875,"empty","4vwdseNP",16
1461,0.1875,"erge","b6Z9Kp3F",16
1462,0.1875,"ftedh","XqF6EryU",544
1463,0.1875,"ghz的打手","eTeWwNAW",16
1464,0.1875,"huer","FeW2CuNS",80
1465,0.1875,"ikun","wzi9x9de",48
1466,0.1875,"jencese","F598tgK2",32
1467,0.1875,"kaorukoL0Ve","Xgu7Xcsf",16
1468,0.1875,"kbb","3294h8vu",32
1469,0.1875,"kgrox","3oC42fND",320
1470,0.1875,"kozend","i14dLsXQ",48
1471,0.1875,"lwyshawn","svu9As2W",128
1472,0.1875,"memo","Zyo3W219",128
1473,0.1875,"mikan","mSaD519m",160
1474,0.1875,"molan","pTqb5zzt",112
1475,0.1875,"natsumikka","HtfV1wsg",112
1476,0.1875,"ocean","qeiK6bst",16
1477,0.1875,"owen2006","ZJJy1uZD",32
1478,0.1875,"payphone121","hA4uqsyu",304
1479,0.1875,"qwqaq","eudBCRTm",208
1480,0.1875,"rainhard","KGKZwtLk",16
1481,0.1875,"saday","npwe6wgv",16
1482,0.1875,"sbyz","47EUyJqb",32
1483,0.1875,"shapaozi","RbD5rxV5",16
1484,0.1875,"sparkle","o0uw0ZM1",320
1485,0.1875,"suzuya","w3MfoGsp",48
1486,0.1875,"void337","0GNC1QLP",16
1487,0.1875,"wxkj99","dKux6PAL",64
1488,0.1875,"xianxin","b6W7iv0g",16
1489,0.1875,"xiaokiss","GtoMzALA",16
1490,0.1875,"xiao灰灰丶","MJCjgzVT",80
1491,0.1875,"xlfd","CxupeoBw",32
1492,0.1875,"ypa","35obkj8o",64
1493,0.1875,"yuanzi","CDkLjeQC",48
1494,0.1875,"zozoko","WnANP4rq",16
1495,0.1875,"チャガゼロ","woAQERVG",192
1496,0.1875,"ツィさん","PYZT5n2n",16
1497,0.1875,"一个二毫半","UrFQNbAE",80
1498,0.1875,"一个没用的","8P0zmcuR",16
1499,0.1875,"一丶丶丨","avUT1YbV",48
1500,0.1875,"一听就和","aemnEuZH",64
1501,0.1875,"三无将","b9EDjG8r",64
1502,0.1875,"不响玩辣","gPv8MDV8",16
1503,0.1875,"乾澜","WMFnpCCr",208
1504,0.1875,"仔恒","o909R8D3",48
1505,0.1875,"令狐封","2aUrCZdS",272
1506,0.1875,"低调玩家","tQTHdY43",16
1507,0.1875,"内部号","53ZT7R2G",32
1508,0.1875,"内鬼","1vQRkgk2",144
1509,0.1875,"冰极风舞","KAEci7bV",48
1510,0.1875,"北京九十四中","HzkQt12g",32
1511,0.1875,"单一","mU2w24t6",16
1512,0.1875,"南法信法南","Z6uNjhJE",368
1513,0.1875,"友相伴","pCC4ede7",112
1514,0.1875,"只道是寻常","ewBxNEUN",16
1515,0.1875,"叶凡","gn62r98K",16
1516,0.1875,"吃货小飞飞","5trtVX0q",16
1517,0.1875,"启丶沉卑","0dNfbR8t",704
1518,0.1875,"和光同尘","oMwX2fWP",480
1519,0.1875,"哈气米","LUkVM8hy",304
1520,0.1875,"喵喵机","ho3ku3fv",16
1521,0.1875,"嗯嗯","27KK6BsV",32
1522,0.1875,"四月墨封","3xj7eAFS",48
1523,0.1875,"国标菜鸡","M10pyWPn",2064
1524,0.1875,"墨风镜花水月","6Yqey9qJ",16
1525,0.1875,"夜雨声烦","7wFrv2Uh",128
1526,0.1875,"子夜","sMDZMTRH",16
1527,0.1875,"孤高の撃墜王","sc7YSdSy",16
1528,0.1875,"封剑","Gxx9Kgi4",16
1529,0.1875,"小凯凯","wKfziby9",64
1530,0.1875,"小凳子","qbHJpEL7",16
1531,0.1875,"小张同学2","p2fCiPC0",32
1532,0.1875,"小流风","mJs7JCzT",656
1533,0.1875,"小萧潇笑","eLWzMDgv",576
1534,0.1875,"小邓","Ucv2M9LL",16
1535,0.1875,"小香茶","uqV2kskp",464
1536,0.1875,"居居","TgXekJZw",112
1537,0.1875,"山楂9","LeQUwYui",80
1538,0.1875,"布布","kxypiBLG",48
1539,0.1875,"常陆茉子","Xu4nZUfU",16
1540,0.1875,"平和達人","jbHvpGD0",208
1541,0.1875,"幻心","DYQGpeSh",16
1542,0.1875,"幻月符文","9g51XtG0",32
1543,0.1875,"弧龍星","ugDkaQ0C",1296
1544,0.1875,"意凉","MUVVt8L5",16
1545,0.1875,"憨猫凝心","Y60341d7",32
1546,0.1875,"把把胡","QmVpGmLX",32
1547,0.1875,"捷尔","VrqD5yKS",208
1548,0.1875,"搞子","5J2HDEXS",736
1549,0.1875,"无情炮手","By6T8Foy",48
1550,0.1875,"昏睡猫","m3NyjJzn",2928
1551,0.1875,"昕走在路上","Eyo4u4hJ",32
1552,0.1875,"星","9DDA0NeT",32
1553,0.1875,"春落华庭","AqHKhbTg",32
1554,0.1875,"普通怪兽奇卡","TaeJseLi",32
1555,0.1875,"月下祈木木","Ei82Svke",144
1556,0.1875,"木子十甫寸","SeHpim8r",32
1557,0.1875,"机器人","tAeWhce5",16
1558,0.1875,"杠上补花","FWjwCuct",32
1559,0.1875,"柒七","3KhdpzCa",32
1560,0.1875,"椢床萧寒","orAUcXn6",64
1561,0.1875,"欣er1","cVhkUxH5",16
1562,0.1875,"池州老赵","m6a4wE8z",16
1563,0.1875,"泽嵘","VRbp6TnL",16
1564,0.1875,"洛心颜","nZZshwKY",16
1565,0.1875,"浩峰音乐","G0st7fFn",16
1566,0.1875,"清风","YywfNdC4",112
1567,0.1875,"源代码","BspovKbb",240
1568,0.1875,"火星包","4NznYpSp",64
1569,0.1875,"灰色轨迹","p8oAALgB",48
1570,0.1875,"烨卉","keyz7wLd",816
1571,0.1875,"燕麦豆乳","C68gKdx4",96
1572,0.1875,"牢C","EbsAPkzD",48
1573,0.1875,"狼","fX2eiuhe",48
1574,0.1875,"玄天战猫","6eAhx1d5",32
1575,0.1875,"玖月","Z6xNxuct",16
1576,0.1875,"琉璃宇宙","eEnhvXMy",192
1577,0.1875,"琦玉","B1q5QLnU",16
1578,0.1875,"白晓异","XXiLBSrd",48
1579,0.1875,"皮卡丘欣","4M5WpNm9",128
1580,0.1875,"真城璃茉","iBmRKcLA",480
1581,0.1875,"立华奏","x3uyuZuS",16
1582,0.1875,"笹葉更紗","h84df3s7",64
1583,0.1875,"绫地宁宁","CCGdnc0y",272
1584,0.1875,"绵羊","mrCMHbXw",48
1585,0.1875,"绿一色LLFF","oU2aLoG8",16
1586,0.1875,"缄默德克萨斯","8WuZK3sR",80
1587,0.1875,"网络连接失败","C1aqosCC",64
1588,0.1875,"老杨的小可爱","psBDGJtV",32
1589,0.1875,"胜负师f","Hrgh4WsB",16
1590,0.1875,"花散峪山人考","LBasdLtd",16
1591,0.1875,"苹果狼、","q1oBEqdN",1568
1592,0.1875,"菜包子","qzA8yshY",48
1593,0.1875,"菠萝自闭了","SQh3RJjA",64
1594,0.1875,"萌新pp","VevKkSAE",16
1595,0.1875,"萌新大土松","ARHp9Hzp",80
1596,0.1875,"萌新搞事情","JB71KhFv",32
1597,0.1875,"萌薪996","0AEFx80R",16
1598,0.1875,"萧寒头号红粉","7WG04SBz",160
1599,0.1875,"落尘苦练国标","fhQhS5Vj",16
1600,0.1875,"見えない","QCPcRZGK",32
1601,0.1875,"贝瑞塔","XmZN2WnB",64
1602,0.1875,"贾岛QAQ","0tbo3Kea",64
1603,0.1875,"路可王","JwuDJ1WS",48
1604,0.1875,"辅辅","8aRbSX21",336
1605,0.1875,"逆光w","s8ck4w7B",1104
1606,0.1875,"逍遥自在","0zgiuPpa",160
1607,0.1875,"邦德","qV6KkPzn",16
1608,0.1875,"金八成小兔子","jXswuafn",16
1609,0.1875,"铅铱","pE4qmymA",64
1610,0.1875,"错误的每一打","2Hyr2QmT",208
1611,0.1875,"长三","BfcGNeM1",16
1612,0.1875,"阳光牛子","Gg0GR2rq",224
1613,0.1875,"阿亮","TEA4SuEv",880
1614,0.1875,"青萍","aRrC0yV3",240
1615,0.1875,"音樂","ZxBnj6zu",16
1616,0.1875,"顾浅辞","Mum9noZC",48
1617,0.1875,"馆长长长长长","FihrAHur",112
1618,0.1875,"魔鬼上路","iKRU6qvP",96
1619,0.1875,"鳗鱼","JshRjHya",160
1620,0.1875,"鹿鹿","bCfE1dgc",16
1621,0.1875,"龙骧","r8Sy98LQ",16
1622,0.18725099601593626,"Ahnenerbe412","06pFemAJ",251
1623,0.1871559633027523,"volknet","ZNf3jXvh",545
1624,0.18692922374429224,"灬","F9pPPZnX",3504
1625,0.1869057908383751,"绚彩蓝","DvQeeBKB",4628
1626,0.18688981868898186,"拓","MzR0kzLe",717
1627,0.18684603886397608,"Mikoto","AnfGv2Fz",2007
1628,0.18673312883435583,"月见琥珀","AncGgpxL",2608
1629,0.18668300653594772,"hyperon","cZuxz3CB",2448
1630,0.18663136995367308,"椎名真白","kY36gExs",1511
1631,0.1865214431586113,"拈牌一笑","Xo56bTD0",1469
1632,0.1864754098360656,"逻辑猫","tQTK1DeJ",976
1633,0.1864406779661017,"我有亿点菜","qSvZQEzg",59
1634,0.1864306784660767,"御剑飞行","kRs905A2",1695
1635,0.18640350877192982,"Hongstone","fKwrLGP4",912
1636,0.18640350877192982,"liuachun","4Rysrx8K",912
1637,0.18621778011572857,"花毛","pqDvw0UM",1901
1638,0.18619791666666666,"M16A1","r6wDbC3G",768
1639,0.18619791666666666,"风语","6UKr3Fxb",768
1640,0.1860730593607306,"欧偷袭圣手","bbCA4xwh",1752
1641,0.18605577689243027,"格兰","4Y3q5hta",5020
1642,0.18604651162790697,"错和紫乌龟","AqLMJVMa",688
1643,0.1858108108108108,"泷泽和典","WyVjcTdH",296
1644,0.18558558558558558,"苏小弱","v1ZMUau4",555
1645,0.18555490311215503,"冰雪分类","PMHXhqkQ",3406
1646,0.18551587301587302,"落殇","3Z3P0Rma",1008
1647,0.18548387096774194,"Jenceses","27Zy49fy",496
1648,0.1853448275862069,"Haaaaaache","8edQPvZR",464
1649,0.1853448275862069,"keke","0Ry2XrAR",928
1650,0.185334407735697,"我是好人","gtH1uzUf",1241
1651,0.18529411764705883,"美人就是美","3TKUTSSi",680
1652,0.18526785714285715,"lalulu","LSuFDceb",448
1653,0.18515655199072284,"lxl0319","kzuyCm1S",2587
1654,0.1851520572450805,"药渣","pyJoaEpr",1118
1655,0.1850828729281768,"TYS","GuU8p6rf",1448
1656,0.18501549656380542,"菜鸟坟墓","UmvL3dwz",7421
1657,0.18478260869565216,"AbbyKo","f5sHiznN",368
1658,0.18478260869565216,"四方雀者","j6xx699F",828
1659,0.18477762494268685,"滚滚浪花","wNKwezHa",2181
1660,0.1846590909090909,"小黑白","QhUwG7r3",352
1661,0.1846590909090909,"闻雀","0Emz0r9Y",352
1662,0.18455743879472694,"坎坷苦","Naqtz47A",1062
1663,0.18452380952380953,"ZJLee","MePN06ca",336
1664,0.18449197860962566,"啊正本正","1vMRXURP",748
1665,0.18441358024691357,"Attersee","wWMp52MA",1296
1666,0.1844059405940594,"霹雳911","k9WYmxTd",4040
1667,0.184375,"提纳里","fCj3cn5E",320
1668,0.18434009847484087,"Jencese","fVSRiMYY",8327
1669,0.1843220338983051,"zymmiwang","x7bjVbu0",472
1670,0.1842948717948718,"ChloeZ","RxR8iXhv",624
1671,0.18421052631578946,"CHAGA110","HbPpnCg3",304
1672,0.18421052631578946,"xunshan","5vner37R",456
1673,0.18415841584158416,"黑一色","m1NhYUrF",2020
1674,0.1840277777777778,"HillLee97","sdeH0a2T",1440
1675,0.1840277777777778,"The","v1ZNsGUK",288
1676,0.18382352941176472,"一灯大师","XE6kSiNh",272
1677,0.18371212121212122,"北风萧霄2","jZqCsCo1",528
1678,0.18359375,"Maintain","DH10oYN2",256
1679,0.18359375,"下等立直麻将","JtNCZEw6",256
1680,0.18359375,"巧思","x7em6Vnu",256
1681,0.18359375,"萌新有雪","ax0BaV2J",256
1682,0.18346774193548387,"倒不推推不倒","sVwZNn4t",496
1683,0.18333333333333332,"Lyun","PaMLDnb4",240
1684,0.18333333333333332,"leenlover","sboPeLtA",240
1685,0.18330605564648117,"青鳞","SZgdCSR7",611
1686,0.18327661643169665,"随便玩玩儿","kd1iAJWk",2057
1687,0.1832627118644068,"ubisoft","H62Q7xbP",1888
1688,0.18323863636363635,"Sablinbot","mU5xdxba",704
1689,0.18316605839416059,"薄荷犬","orU9BPUU",4384
1690,0.1831275720164609,"pisces","gEMAbv3u",1944
1691,0.18303571428571427,"ATTACKER75","N2nzSTGs",224
1692,0.18303571428571427,"Bourbon","GKDN7HF9",224
1693,0.18303571428571427,"璀璨猎户座","jMVva50v",224
1694,0.1830065359477124,"AlFex","SoXf3WLg",153
1695,0.18298969072164947,"eraofexp","umJ0VDKM",776
1696,0.18292682926829268,"小熊","waZyomQ7",656
1697,0.18292682926829268,"徐北","XKvaV6L7",328
1698,0.18292682926829268,"星官之夏","6onfvYMy",656
1699,0.18290258449304175,"羽未","uVXxbfBS",1006
1700,0.1828358208955224,"Miyanaga","JXA9hg0d",268
1701,0.182816413022539,"鸟苷三磷酸","tLFW3pyD",5191
1702,0.1828125,"多元外卷人","bYYD8ZRr",640
1703,0.18272425249169436,"阿德南","ZQ9HgMuq",903
1704,0.18269230769230768,"寿命流雀士","JBA2wbJV",1040
1705,0.1825657894736842,"北北ai训练","gtE0J6cW",608
1706,0.1825,"樱小路","V0mMuhsY",1200
1707,0.18239795918367346,"就说小伙路过","HhUQ7FZu",1568
1708,0.18239795918367346,"某届牌王","Pk3CaKLH",784
1709,0.18229166666666666,"trane","YMvTepvn",960
1710,0.18229166666666666,"专打Jencese","HoCgYxbV",1344
1711,0.18229166666666666,"桂茹","VKQUGHd6",384
1712,0.18198529411764705,"風林火山","kDeb4iLC",1088
1713,0.1819645732689211,"萌新99","3WjMHk6N",3105
1714,0.18196078431372548,"紫魔狐","6qJQUUon",1275
1715,0.18181818181818182,"Eumenides","08k20Hiw",176
1716,0.18181818181818182,"张麻子","D43vxVzo",264
1717,0.18181818181818182,"星晴","acyu6ubi",583
1718,0.18181818181818182,"渣不多德勒","jARxciiJ",176
1719,0.18171296296296297,"国标新手求教","6e7gL7jB",864
1720,0.18157327586206898,"xbh要修仙","R9uT6oHi",1856
1721,0.18156618156618157,"神人","avRRQehb",1443
1722,0.1813186813186813,"三百斤小胖熊","0oiS0nSq",364
1723,0.18125,"JerryK","JDr5xLwm",160
1724,0.18125,"三索得了MVP","bat1Ggxc",160
1725,0.18125,"新手村村民","FK0AjkEb",320
1726,0.18108326596604687,"小虫鼬","SdyfvV15",1237
1727,0.1810344827586207,"Chadvent","u8ZPASnH",464
1728,0.18092105263157895,"ua","S6AoT3Cj",304
1729,0.18080357142857142,"angu","xJhwQxd1",448
1730,0.1807909604519774,"MKimiSH","SEK3UW5b",1416
1731,0.1807528409090909,"理查德","uqY4Mkcy",2816
1732,0.18074324324324326,"祥子大叔","sh68wh0r",592
1733,0.180623973727422,"lhwayne","XN6NCw6k",4872
1734,0.18055555555555555,"Irkalla","d5S70Zpr",144
1735,0.18055555555555555,"gggluggg","aoFfJ3jh",144
1736,0.18055555555555555,"kawaisubei","ohtdaYmx",144
1737,0.18055555555555555,"微辣就行","6WB5ApUk",720
1738,0.18055555555555555,"抹茶要楽奈","ws05Z3BG",432
1739,0.18055555555555555,"陈亚轩","p0nTyjfC",144
1740,0.1804245283018868,"咖啡","qYdk1t6V",848
1741,0.18037280701754385,"Kokutourio","jtrWKopK",1824
1742,0.18032786885245902,"tlr","kHuRe0U9",244
1743,0.1802773497688752,"Ash","4sWGox1j",649
1744,0.18020833333333333,"ferry","izKkhLxY",960
1745,0.1801470588235294,"YK712","E51cci44",272
1746,0.18,"叶三夕夕夕","Zdm2b7kF",100
1747,0.17992424242424243,"sdlyx","2kczqHuH",4752
1748,0.17989417989417988,"菜鸟123","SEG1sdDS",756
1749,0.17986425339366516,"bluff","NmE1Nxfb",884
1750,0.1796875,"不求人","9no9sFS7",128
1751,0.1796875,"倪振民","cXYfDrHE",256
1752,0.1796875,"匃洗湘冯","1Srd9nNy",640
1753,0.1796875,"技零运十","WMCmCJJx",256
1754,0.17958860759493672,"立又","EfPCXCFk",1264
1755,0.1795325779036827,"关关雎鸠2024","Qq1rQCKh",2824
1756,0.1794871794871795,"三暗刻刻刻","ndkZCGGC",351
1757,0.17935103244837758,"车皇告别日麻","iDE8GejQ",1695
1758,0.17927631578947367,"青春的尾巴","pm6Eet01",608
1759,0.17916666666666667,"随便搞一个","iWWaD7jd",240
1760,0.1791044776119403,"初见亦别离","CTZXTb7J",1072
1761,0.17890625,"WMWMWMWMWMWM","Q6fKzsY5",1280
1762,0.1787280701754386,"丛雨ちゃん","JJnqofej",912
1763,0.1786857002215112,"Zazaka","QTLFDuyo",4063
1764,0.17857142857142858,"CKLm","fjHTZRU6",224
1765,0.17857142857142858,"Higuchi","dBAR5GUp",56
1766,0.17857142857142858,"Hotaru","J2NV3FXG",112
1767,0.17857142857142858,"XXHYX","139koeNA",224
1768,0.17857142857142858,"ycrj","589AQKUH",112
1769,0.17857142857142858,"奶瓶","Zsc4SBfp",112
1770,0.17857142857142858,"心中的太阳","dKB8fYkx",112
1771,0.17857142857142858,"插ga","sTzHR9F0",56
1772,0.17857142857142858,"杜双龙","bJoA5uaY",112
1773,0.17857142857142858,"要来点智乃吗","APhb8m84",336
1774,0.17830882352941177,"热辣小妈","JDo5j9oY",544
1775,0.17824074074074073,"qucheng","fr4iBNg0",432
1776,0.1781609195402299,"大货车斯马托","G7je1SZe",696
1777,0.17806603773584906,"大祭酒","pFg5ABcT",848
1778,0.17803030303030304,"不羁的峰","rHCyPfJe",528
1779,0.17803030303030304,"辕","o0xxcTEv",528
1780,0.1778846153846154,"CuO","8zQMgmVZ",208
1781,0.1778846153846154,"Yu","fhMfqCda",208
1782,0.17784749034749034,"ugly2333","Xgu8vJbb",4144
1783,0.177734375,"旗客","f6b69pc3",512
1784,0.17772108843537415,"德之邻","EaBSHb2R",1176
1785,0.17763157894736842,"硅基生命","EE9oXhie",304
1786,0.17763157894736842,"糖糖0919","iafNxKPR",304
1787,0.17721518987341772,"沉江月","mk7nCrb7",158
1788,0.17708333333333334,"dmd","cPXweYqg",96
1789,0.17708333333333334,"nayara","SQe3C7ax",96
1790,0.17708333333333334,"南风月明","CQ2VL8qn",96
1791,0.17708333333333334,"吃","ZAFEDRFo",288
1792,0.17708333333333334,"大年糕","TYuTLXYe",96
1793,0.17708333333333334,"我勒个痛啊","4omsm378",192
1794,0.17708333333333334,"杨桃巧克力酱","StBtAhnt",96
1795,0.17708333333333334,"萌新100","EYCeLBCM",672
1796,0.17708333333333334,"蒹葭","kzrwbrys",96
1797,0.17708333333333334,"记忆里的炎夏","hUNPcJq3",96
1798,0.17708333333333334,"轩挺","PpFPgkQX",96
1799,0.1767857142857143,"煜神","mk4kbyse",560
1800,0.17647058823529413,"BestMaomi","DSDHkofK",340
1801,0.17647058823529413,"黒い雨","NaYEnuam",272
1802,0.1762820512820513,"瓜瓜瓜宸","8xUEZuik",624
1803,0.17613636363636365,"qima","cCTbY9QX",176
1804,0.17613636363636365,"冰封","gzL4zw6B",176
1805,0.17613636363636365,"美竹兰","1f49hTUs",704
1806,0.17598684210526316,"Mon3tr","qYaiQzCb",608
1807,0.17592592592592593,"凛樱","HPFpTXUh",432
1808,0.17564655172413793,"啊我是谁","eQHfSdmv",928
1809,0.17540322580645162,"River","ReAgYzkf",496
1810,0.175357280803399,"xxxhhww","aeVdfr2X",2589
1811,0.17527173913043478,"Bryce","g1TryyPP",736
1812,0.17517605633802816,"图图帕特","WccQdkFA",1136
1813,0.175,"Cai","QRo13sph",160
1814,0.175,"GlassRod","RhbfTf7T",80
1815,0.175,"Homeless","U0uxPbN7",160
1816,0.175,"linkmoon","MYqbanHG",40
1817,0.175,"summer","ffpRfAd9",80
1818,0.175,"不要南风","o5TmXLqG",80
1819,0.175,"东云绘名","aeike1h8",80
1820,0.175,"信教的coke","4g5g83vt",40
1821,0.175,"夜雨桥","bV4Cd0TW",80
1822,0.175,"小学生","0SEauwa2",160
1823,0.175,"我是","8BXFfn4E",160
1824,0.175,"摇晃曾经","nzPBSd3t",240
1825,0.175,"源千鹤","MajqwXYM",80
1826,0.175,"白龙小熊","FRB9oZrY",80
1827,0.175,"竞麻玩家","j4Q1zrrx",80
1828,0.175,"足立レイ","9jN9ZuBi",320
1829,0.175,"雪哥","T7zTY5SQ",80
1830,0.175,"黑沢口关","vmtY7xqH",80
1831,0.17488532110091742,"新建文件夹","MojCnEXt",1744
1832,0.17434210526315788,"calzhulator","uVXwCycB",912
1833,0.17424242424242425,"天使的锁","XXfJaa89",132
1834,0.17420212765957446,"chen","NP7e70TA",752
1835,0.17417417417417416,"Buhlava","42zeQ28g",333
1836,0.17410714285714285,"逍遥星空","hVscAU70",224
1837,0.17408376963350786,"qwe305836","huCqp4Hp",1528
1838,0.17398648648648649,"麓下kk","7XqmEFMG",1184
1839,0.17391304347826086,"Magallan","pTtchss2",368
1840,0.1736111111111111,"roysongor","EEwcBjZc",144
1841,0.1736111111111111,"v70","LawUQze1",144
1842,0.1736111111111111,"桂雏菊","AyJ4fZun",288
1843,0.1736111111111111,"破游全是bug","JmcUVZPk",288
1844,0.1736111111111111,"阿吉","2bxZ9bt0",144
1845,0.17324561403508773,"SL七叶","uSFCQXam",456
1846,0.17307692307692307,"Kagami","TiTR5qPA",208
1847,0.17307692307692307,"因幡爱瑠","a2UTKk4t",208
1848,0.17307692307692307,"常青","664R2C6j",208
1849,0.17307692307692307,"留下的静悄悄","n4ZTENcU",624
1850,0.17279411764705882,"OODCC","nW5sBMmV",272
1851,0.17279411764705882,"QinNai","4Bkg2Eqr",272
1852,0.1724137931034483,"我叫叶荣添","5vqgSvza",174
1853,0.171875,"Oracle","Eo6GvKtY",64
1854,0.171875,"ToT","YDysVVVv",64
1855,0.171875,"big7long8","numzwHT5",128
1856,0.171875,"blueboat","ZuXqnj4m",64
1857,0.171875,"kiriha","S0u9E5yc",64
1858,0.171875,"一叶知秋","fG93v8vM",64
1859,0.171875,"呜喵喵喵恒","tGq7cRSb",64
1860,0.171875,"喻川","PsSVtfGN",64
1861,0.171875,"嘿嘿嘿哈","HPCnrdS7",64
1862,0.171875,"才久","oiWRqJBt",128
1863,0.171875,"抱米花哦","vWZoKqL4",256
1864,0.171875,"杜衡","ua8mxyr7",192
1865,0.171875,"点炮防自摸","jba4PKb5",320
1866,0.171875,"牛肉干干","McJc6LYy",64
1867,0.171875,"郭橐驼","XjdDXyR7",128
1868,0.171875,"钅黑心村民","h2qzfJny",64
1869,0.171875,"铁乌鸦","ey9DKs9a",64
1870,0.171875,"青浦千鸟","Z1Yc5ooZ",64
1871,0.17142857142857143,"伯德","1AvqQxYU",280
1872,0.17083333333333334,"LogicGhost","Lf5H9BtX",240
1873,0.17083333333333334,"发生什么事了","NBtXbSRv",240
1874,0.17060810810810811,"地底探险","s7RtEca9",592
1875,0.17045454545454544,"InvisibleP","e0ZuC17Y",352
1876,0.17045454545454544,"yoda","jnzg4DsM",176
1877,0.17045454545454544,"葛天帝","Xqbn2vh8",528
1878,0.1702127659574468,"K437","rmWLRGb7",752
1879,0.1701388888888889,"rzddmx1","o9fxdmuW",288
1880,0.1701388888888889,"铁铳王","wks865i5",576
1881,0.17008196721311475,"夏威夷吉他手","AgoSeTTh",976
1882,0.17,"小黄","uL7d6bVj",200
1883,0.16964285714285715,"Qaitq","rbxMHGad",112
1884,0.16964285714285715,"coco","i76ApiRe",112
1885,0.16964285714285715,"不在勿扰","YAYtapzS",224
1886,0.16964285714285715,"左手君","fVVRwYgm",112
1887,0.16964285714285715,"报复社会","q74qTna8",448
1888,0.16964285714285715,"神里绫华","f9zz07Fi",112
1889,0.16964285714285715,"老歪子","TncDq2w2",112
1890,0.16911764705882354,"西楚霸王某某","CBxUzKjX",272
1891,0.16875,"字一色小四喜","4FGi9i0S",160
1892,0.16776556776556775,"陈杨飞雅","VPhYN2q4",1365
1893,0.16736401673640167,"SherWu","LM2Qy2rJ",956
1894,0.16722408026755853,"芋蔗","jTXsae2E",299
1895,0.16710296684118672,"Kiwi","87EBa1sG",2292
1896,0.16666666666666666,"Empty","nJgE7nVg",48
1897,0.16666666666666666,"Han韩","SUA5Ka19",48
1898,0.16666666666666666,"OGGG","wCvdYbtm",144
1899,0.16666666666666666,"PlanB","UwAdE5pX",192
1900,0.16666666666666666,"Sant","G3Xq42tZ",672
1901,0.16666666666666666,"momiji","gSjVVvQo",48
1902,0.16666666666666666,"一番赏","MtHRT3QH",48
1903,0.16666666666666666,"乌萨奇","AvhW6Q6j",48
1904,0.16666666666666666,"云淡风轻","9sLz0Mn9",336
1905,0.16666666666666666,"伯约0","KGGYKzJA",48
1906,0.16666666666666666,"凤梨酥xxx","EmZ2kHam",96
1907,0.16666666666666666,"吕伦","JQspR6YC",48
1908,0.16666666666666666,"咕咕咕咕法法","cTq0kJ2e",48
1909,0.16666666666666666,"幽梦一帘","3sLsmscj",48
1910,0.16666666666666666,"报告精华","ftS0wcM5",48
1911,0.16666666666666666,"无忧","2VvdXkcM",48
1912,0.16666666666666666,"杰瑞","CARkRPSP",48
1913,0.16666666666666666,"武小玲","tmRtSRun",192
1914,0.16666666666666666,"番","MAfpYvkC",144
1915,0.16666666666666666,"菲利","nuq09Vmj",96
1916,0.16666666666666666,"顾寒9275","dYyn11tc",48
1917,0.16631130063965885,"老馋","816CjPPY",469
1918,0.16594827586206898,"九莲老登","eZsNmKdH",464
1919,0.16576086956521738,"手不离管","MhvQ7YT4",368
1920,0.16568047337278108,"齹","aWjZ3XGW",169
1921,0.165,"h0081324","YHQejvuP",400
1922,0.16498316498316498,"花顺双抽","0nBhSr11",297
1923,0.16477272727272727,"V0Ghost","h1KF6NCU",176
1924,0.16477272727272727,"无机盐","fbaMncrm",176
1925,0.16477272727272727,"羽墨","4a14fdzX",176
1926,0.16447368421052633,"宗云先生","BXw3MxhS",304
1927,0.1640625,"北北北北","PeeRiDy0",128
1928,0.1640625,"南桥s01","5hSGpdAb",256
1929,0.1640625,"朱雀","9QS6YoVo",128
1930,0.1640625,"长风G","0eyuzfTx",128
1931,0.1640625,"黑桃A","FKNM8uPB",128
1932,0.163135593220339,"SEiYA","8kiMdgJg",472
1933,0.16261061946902655,"Gompyn","p8rBnDPf",904
1934,0.1625,"GYIMGY","L0V2s1FQ",80
1935,0.1625,"Inory","mWDikux5",80
1936,0.1625,"Ttocgnef","numyYbsq",80
1937,0.1625,"五指毛桃","nXZa8RL9",80
1938,0.1625,"凸眼鱼","F3gRwcu3",160
1939,0.1625,"圣杯碳","8DQ1o72c",160
1940,0.1625,"御无双","anUqFLT9",240
1941,0.1625,"植物人","p6vRRh8P",80
1942,0.1625,"洋Cc","pdH9pN5n",80
1943,0.1625,"祝","G1Yexbdb",80
1944,0.1625,"诈胡战士","XbxQ402J",320
1945,0.16233766233766234,"YstarXing","DQg3amMY",462
1946,0.1617161716171617,"老王","f2SHRcxF",303
1947,0.16083916083916083,"平和","XwS5JiVE",572
1948,0.16071428571428573,"qixian96","By3RXP5V",112
1949,0.16071428571428573,"卡先生","Ucs0kGUB",112
1950,0.16071428571428573,"玄黄q","dMsD418u",112
1951,0.16071428571428573,"苝风肃霄","3f5JdHUF",112
1952,0.16071428571428573,"間奏0721秒","CrpsR32P",112
1953,0.16015625,"鸡打不溜","ot4PadCq",256
1954,0.16,"兮苡灬城悾","vB3yEMBm",25
1955,0.1597222222222222,"F8","DQj5BfQ7",144
1956,0.1597222222222222,"数错番紫乌龟","P7amDKfN",288
1957,0.1590909090909091,"DLM","Hxsg8MoE",88
1958,0.1590909090909091,"码龙","UCps7oWs",176
1959,0.15885416666666666,"木之本樱","VtmLCpWY",384
1960,0.15865384615384615,"KomeijiMarin","MJwZWXDV",208
1961,0.15865384615384615,"孤山战士","t7NtGi1N",208
1962,0.15853658536585366,"OFDM调制解调","7hT4z6v3",164
1963,0.15833333333333333,"FrAtk","x2PELdJx",240
1964,0.15808823529411764,"志明","GcXFuUHn",272
1965,0.15789473684210525,"Trin","0g5cm0Vb",304
1966,0.15789473684210525,"qzgg","WwWwf2KS",304
1967,0.15776081424936386,"丰川祥子","4Y0psVZw",393
1968,0.15730337078651685,"高抬贵手","QP3B89B7",267
1969,0.15625,"Adrian105","SfpZGhaf",64
1970,0.15625,"B站23129315","kPzNsmp7",32
1971,0.15625,"LuckyGame","UgP2siuP",32
1972,0.15625,"NenNen","iUWGebiV",96
1973,0.15625,"Null","SSCpMwkE",32
1974,0.15625,"RimanC","BpLoPmdF",64
1975,0.15625,"TiccyWu","K0dejc8y",64
1976,0.15625,"WallSmith","fBxDa3Mf",32
1977,0.15625,"humory","wAyMaycr",64
1978,0.15625,"modayo","4kEqdaWW",32
1979,0.15625,"stonemason","VVnVbnzc",64
1980,0.15625,"九方","iAaZVHVn",32
1981,0.15625,"五羟色胺","wuJMhNyT",288
1982,0.15625,"加藤黄瓜","065TCwwL",64
1983,0.15625,"去去","DWp12jRS",416
1984,0.15625,"叽噜咕噜叽喽","5VX1K5ez",32
1985,0.15625,"听牌即立","UQwkEkEw",64
1986,0.15625,"周周","ebmGLjL5",32
1987,0.15625,"垒浮云","7rEdc7nq",32
1988,0.15625,"大节不夺","CfTHM24J",32
1989,0.15625,"天河","NsK00Q8n",32
1990,0.15625,"奇克kik","PYZUUTd2",64
1991,0.15625,"小霸王团子","BiFrA0t0",32
1992,0.15625,"巧克力","ayxTY7Su",128
1993,0.15625,"忆相逢连六","x0RyP0dk",192
1994,0.15625,"拾肆","hJpRrzp6",96
1995,0.15625,"洋平","kHAbpVWF",32
1996,0.15625,"流觞","5DzW3oQc",96
1997,0.15625,"百里","4DGRysrv",32
1998,0.15625,"红酒味汽水","5bQMBkHV",160
1999,0.15625,"绝不认输","4qhe6aNQ",64
2000,0.15625,"识时务者","XCFWKB1y",800
2001,0.15625,"诗人哪","7UBEAgRj",160
2002,0.15625,"超超可爱岁岁","uNjAH4GV",160
2003,0.15625,"输到想妈妈","4g2eXA1z",96
2004,0.15625,"雀游屋皮皮","ZfgqKLjT",64
2005,0.1559633027522936,"晚终","WkbcDEfo",109
2006,0.15441176470588236,"ly3d","a7YiEXVD",272
2007,0.15384615384615385,"shizuku","br2n3CaJ",104
2008,0.1534090909090909,"时一时易拾忆","B3e6FkQf",176
2009,0.1534090909090909,"诚","a60U4VUo",176
2010,0.1527777777777778,"打国标第一天","KaDNxNek",72
2011,0.1524390243902439,"Toriel","S4f3u6mv",328
2012,0.1522887323943662,"bonbujour","j70yi1sj",1136
2013,0.15178571428571427,"Hydra","6GP4wdRL",336
2014,0.15178571428571427,"Tilams","gGLLiLj9",112
2015,0.15178571428571427,"imv","LospeqCR",112
2016,0.15178571428571427,"催春暮","TPCcNfny",336
2017,0.15178571428571427,"静巧","f6Y4Yvi9",112
2018,0.15178571428571427,"黄鸡","YU3R6mpF",224
2019,0.1513157894736842,"pakake","A1xyMZxc",304
2020,0.15104166666666666,"ormisnal","pSMt8wRD",192
2021,0.15,"Jayden87","BZUJvhTY",80
2022,0.15,"Star","WrnbH5br",80
2023,0.15,"cdg","6z9K612y",160
2024,0.15,"大苏打","iGmAQ7Ui",80
2025,0.15,"小白薯","jyQLrb8u",40
2026,0.15,"广东麻将BOT","VTShTfTr",20
2027,0.15,"潮汐獵人","0VibRVqj",160
2028,0.1484375,"otssmyha","jKw9QG0J",128
2029,0.1484375,"平生欢","SwctU4vM",128
2030,0.14705882352941177,"FelixCs","QyQhdFav",68
2031,0.1466346153846154,"蒙题王","jhNuRhxo",416
2032,0.14583333333333334,"CXZ","Sk6em7dV",48
2033,0.14583333333333334,"Milton","TFfJPjNj",48
2034,0.14583333333333334,"Obito","2mPoVKkF",48
2035,0.14583333333333334,"kanzaki","Kp4QoSaJ",48
2036,0.14583333333333334,"xxcnoba","CZeUhLsZ",144
2037,0.14583333333333334,"叨叨","9qUEFiEM",48
2038,0.14583333333333334,"尘墨","qEgXFUAV",48
2039,0.14583333333333334,"年少翩翩白虎","C7fQtaEC",48
2040,0.14583333333333334,"幻遥","vUcXNC49",48
2041,0.14583333333333334,"挂机1号","AzuHg85d",48
2042,0.14583333333333334,"无想の呦","u6GbFXaA",48
2043,0.14583333333333334,"木之心","ZvJfqSVz",48
2044,0.14375,"暮春","J0UEhXjy",160
2045,0.14285714285714285,"不会七对","jsKmmsNW",112
2046,0.14285714285714285,"凛风寒梅","1NLS5ryR",112
2047,0.14285714285714285,"慕容彰","e8ekTZtn",84
2048,0.14285714285714285,"猫南北","C2ig2GQJ",112
2049,0.14285714285714285,"追星逐风","hvnbyunC",224
2050,0.14193548387096774,"国标小唐","M97aNtjn",155
2051,0.140625,"Jesse","rs5dqPMe",64
2052,0.140625,"一蓑烟雨","J2RWf9Zr",64
2053,0.140625,"云中观山客","PrBA2GpU",64
2054,0.140625,"可爱小灵梦","A9rZHhCW",64
2055,0.140625,"飞天不怕打雷","vQQh26xV",64
2056,0.140625,"鸡龟","6WxvDXmH",64
2057,0.1388888888888889,"万俟北辰","bYVBXgiN",144
2058,0.1388888888888889,"大七星","6qFNsamC",72
2059,0.1388888888888889,"浪子燕青1974","K5dmy8Xz",144
2060,0.13815789473684212,"折一尾纸鸢","VHwmKEC7",304
2061,0.1375,"littleWeber","7WK0HdLC",240
2062,0.13541666666666666,"IceCola","59hQaMvk",96
2063,0.13541666666666666,"Satori5","aYgq19Pk",96
2064,0.13541666666666666,"老子很帥","jTasoqAT",192
2065,0.13446969696969696,"马赛小回旋","PvvWQDY4",528
2066,0.13392857142857142,"千早爱音","TR5NW13h",112
2067,0.13385826771653545,"唐铭铭","jGcZXY6X",127
2068,0.13333333333333333,"卡安雨","8nfdbJHE",15
2069,0.13194444444444445,"石井一马","bkNxR7p3",144
2070,0.13068181818181818,"吱吱","h4kE1433",176
2071,0.13043478260869565,"嗯不好不可以","b9BC7NEx",184
2072,0.125,"Ambitious荣","jpWQdA9V",32
2073,0.125,"BFAM","KQ5eZBX3",32
2074,0.125,"Benson0304","aA9exiyn",16
2075,0.125,"Ccy","ftNzKiTB",32
2076,0.125,"CoL1n","gnUBschf",80
2077,0.125,"Deictic","ZJMzdnRN",48
2078,0.125,"Enmity","u8ZMnm3M",16
2079,0.125,"Entpr","SuicjeNN",64
2080,0.125,"GNOREZ","SJW5kAhU",16
2081,0.125,"Kay1212","en9PkctW",48
2082,0.125,"Lily0818","LYwArUVx",32
2083,0.125,"NamelessGod","8FHvNX2m",32
2084,0.125,"Oscar","Re7ex5rm",16
2085,0.125,"SpireSleeps","A6C0rRhi",32
2086,0.125,"TATTOT","uC5PvDMd",16
2087,0.125,"Xx33272","BEguRBb1",16
2088,0.125,"chongyu7896","witL8hAN",16
2089,0.125,"felzione","c4touGVs",16
2090,0.125,"hunter","RV0FQhLx",16
2091,0.125,"inequality","h2ny3Rvp",16
2092,0.125,"linsaiya","kMMJhWHn",64
2093,0.125,"nanuo3331","aKmEnCjo",48
2094,0.125,"ouyousou","ch7NYXFY",16
2095,0.125,"parrot","PvyY17ae",32
2096,0.125,"quill","ZUk0yH5E",32
2097,0.125,"saltyfish","a2XTYwD6",16
2098,0.125,"satomi","TUZMdtbT",32
2099,0.125,"znev","H0c6G3k8",64
2100,0.125,"七夕","kH7bbHBc",16
2101,0.125,"三横一棵树","fynnaWHo",16
2102,0.125,"人菜瘾大","YfEW1Thk",16
2103,0.125,"伊川","LtNexQp4",48
2104,0.125,"光军儿","LiZHfm9D",16
2105,0.125,"决绝玦","b1Z26GMt",88
2106,0.125,"北岸之春","W90Dfd4N",32
2107,0.125,"博涵","VMQmqoAT",32
2108,0.125,"名字不重要","7mgo5KGq",16
2109,0.125,"吱吱sama","NPRHJAse",64
2110,0.125,"哼哈","WzzxAbtV",16
2111,0.125,"喵喵麦当当","U56mLzuX",16
2112,0.125,"嘉瑜之秋","t1yjFbEw",16
2113,0.125,"国标良辰加油","LHfoURVf",96
2114,0.125,"天丁","DeUruNoo",96
2115,0.125,"小米","TLC04mgz",96
2116,0.125,"幻独","ckTUTtE0",32
2117,0.125,"弥卡呦","eJFiS5w1",32
2118,0.125,"御无双流牌手","UmyLGq5C",16
2119,0.125,"撒点小孜然","AwNGwMCw",16
2120,0.125,"无名石头人","dXRApKsV",16
2121,0.125,"无色之绿","LEEpZjom",16
2122,0.125,"无言清澈之风","4RvrF3ER",64
2123,0.125,"日暗地旱","sfVX865q",80
2124,0.125,"柯西不再忧伤","413t3W25",16
2125,0.125,"欧内的手好汉","YmhdDqwr",48
2126,0.125,"游戏","iT2ZhZTw",16
2127,0.125,"演员","ApcXUyxe",16
2128,0.125,"潮汕马化腾","YmykRD22",32
2129,0.125,"熊哥","S2uRQwQV",32
2130,0.125,"琵琶鱼","AZJZ7GHE",16
2131,0.125,"璃小玖","JV9s8A1E",48
2132,0.125,"甲鱼","Ctn9mM0V",16
2133,0.125,"籉譱䝁","BzzbQcS6",16
2134,0.125,"组组组组合龙","1cQav6Pv",48
2135,0.125,"胡牌大师","EAgo18Sx",16
2136,0.125,"自古以来","2G1a4nnu",16
2137,0.125,"芋头","oD8zY2Ur",96
2138,0.125,"芙宁娜","63QVUVdA",32
2139,0.125,"贼啦稀罕你","qxFtESkG",16
2140,0.125,"阿橘ovo","1UNMiig6",16
2141,0.125,"阿藥","hNHSNZ4o",16
2142,0.125,"陈宇涵","SrFjgAAC",48
2143,0.125,"魔鬼之魂","DgR0Pw1B",16
2144,0.125,"麻衣","AM0mSEp8",16
2145,0.125,"黎子糕","dvqXSNNf",48
2146,0.125,"齐静春","PcL8BCtv",16
2147,0.12101910828025478,"鸡肉拉伤","xB4k19sL",157
2148,0.11904761904761904,"PureTea","uf71RNPJ",84
2149,0.11538461538461539,"月与星空","qj0PCLnV",130
2150,0.11458333333333333,"Tairitsu","oWnRfC2w",96
2151,0.1125,"夤夜长风","Sk3d9EmL",80
2152,0.1111111111111111,"CHAGA05","sPqUgxbC",9
2153,0.109375,"SfArccos","XN3Lc3PG",128
2154,0.109375,"英子刘梓鑫","rEXvNsvE",64
2155,0.10869565217391304,"Ghost","0eytbyth",46
2156,0.10416666666666667,"LZN","ska9TEzB",48
2157,0.10416666666666667,"MarioYio","tLCUSw4K",48
2158,0.10416666666666667,"包包大人","DWs2ecHb",48
2159,0.10416666666666667,"山兔","w6ng5eQa",48
2160,0.10416666666666667,"蔓蔓蔓蔓蔓蔓","sj1vHCq5",48
2161,0.10416666666666667,"黄英似蛭","TsxFRChX",48
2162,0.09486166007905138,"勘察加","ew8vmMcD",253
2163,0.09375,"Doge","DF5ET0y5",64
2164,0.09375,"xxxr","CKwgZq0U",32
2165,0.09375,"专打萧寒","0m3sDQdV",32
2166,0.09375,"哼哼总","1WNfHEYZ",32
2167,0.09375,"大大大鹏子","kTTN0eLt",32
2168,0.09375,"小灰灰","3h16MWA6",32
2169,0.09375,"小青岛","e63AuQgS",64
2170,0.09375,"灰毛团子","64YgUFpb",32
2171,0.09375,"萌薪99","i30PhPwM",64
2172,0.0875,"WeakBot1","2duq7DrZ",80
2173,0.08333333333333333,"neurax","KZymN6aC",48
2174,0.08333333333333333,"wardell","7EHAije1",48
2175,0.078125,"Xiaopp","x2PCxwjh",64
2176,0.075,"WeakBot2","dXN9CRyb",80
2177,0.075,"中田花奈","NYx0Pf71",80
2178,0.0625,"Ghuxi","92tNCKTu",16
2179,0.0625,"Monophenol","pZvYKkk8",16
2180,0.0625,"Natsumi","EaJxcQrQ",16
2181,0.0625,"ZJU国标分队2","QuFvGm65",16
2182,0.0625,"ad2","BR6vytP6",32
2183,0.0625,"morgl","B8apjM4b",48
2184,0.0625,"ok小子","CMWSje9m",32
2185,0.0625,"sauluo","ChQZJf2s",16
2186,0.0625,"showmaker","JHG6EjMb",16
2187,0.0625,"佐々木寿人","9txEnGoQ",16
2188,0.0625,"初雪","8woSMGd0",16
2189,0.0625,"大台风","92wPpDWU",16
2190,0.0625,"春江","eg0JqbXD",16
2191,0.0625,"晨曦","7ApACA4y",16
2192,0.0625,"橘子111","vHEvvWzb",16
2193,0.0625,"炸烫面油饼","MhsNWfav",16
2194,0.0625,"王大胖","WRQyhR77",32
2195,0.0625,"百合123","4jX2BkzB",16
2196,0.0625,"老毛","uQGQT6aG",16
2197,0.0625,"董家渡","9bvqefWQ",16
2198,0.0625,"蒜蓉咖啡","5RoPDERg",32
2199,0.0625,"雨沐沐","EjdGPmKV",16
2200,0.0625,"饼饼饼饼","ckWW4m69",16
2201,0.046875,"天使的精灵","HJykMmh1",64
2202,0.041666666666666664,"cos是我的神","uC2NJKK3",24
2203,0,"H41DA1NY4","Zi66v4g9",16
2204,0,"jtnmsl","XqJ7rm13",16
2205,0,"不破爱花","oJUdzA7o",16
2206,0,"十元遇刺郎","f0Rzs6DU",16
2207,0,"木头小人儿r","6feQu41K",16
2208,0,"装饰","qFmMFgx1",16
2209,0,"陌","SQh4p0T6",16
